ID,ActivityDate,TotalSteps,TotalDistance,VeryActiveDistance,ModeratelyActiveDistance,LightActiveDistance,VeryActiveMinutes,FairlyActiveMinutes,LightlyActiveMinutes
1503960366,04.12.16,13162,8.5,1.879999995,0.550000012,6.059999943,25,13,328
1503960366,4/13/2016,10735,6.96999979,1.570000052,0.689999998,4.710000038,21,19,217
1503960366,4/14/2016,10460,6.739999771,2.440000057,0.400000006,3.910000086,30,11,181
1503960366,4/15/2016,9762,6.28000021,2.140000105,1.25999999,2.829999924,29,34,209
1503960366,4/16/2016,12669,8.159999847,2.710000038,0.409999996,5.039999962,36,10,221
1503960366,4/17/2016,9705,6.480000019,3.190000057,0.779999971,2.50999999,38,20,164
1503960366,4/18/2016,13019,8.590000153,3.25,0.639999986,4.710000038,42,16,233
1503960366,4/19/2016,15506,9.880000114,3.529999971,1.320000052,5.03000021,50,31,264
1503960366,4/20/2016,10544,6.679999828,1.960000038,0.479999989,4.239999771,28,12,205
1503960366,4/21/2016,9819,6.340000153,1.340000033,0.349999994,4.650000095,19,8,211
1503960366,4/22/2016,,8.130000114,4.760000229,1.120000005,2.24000001,66,27,130
1503960366,4/23/2016,14371,9.039999962,2.809999943,0.870000005,5.360000134,41,21,262
1503960366,4/24/2016,10039,6.409999847,2.920000076,0.209999993,3.279999971,39,5,238
1503960366,4/25/2016,15355,9.800000191,5.289999962,0.569999993,3.940000057,73,14,216
1503960366,4/26/2016,13755,8.789999962,2.329999924,0.920000017,5.539999962,31,23,279
1503960366,4/27/2016,18134,12.21000004,6.400000095,0.409999996,5.409999847,78,11,243
1503960366,4/28/2016,13154,8.529999733,3.539999962,1.159999967,3.789999962,48,28,189
1503960366,4/29/2016,11181,7.150000095,1.059999943,0.5,5.579999924,16,12,243
1503960366,4/30/2016,14673,9.25,3.559999943,1.419999957,4.269999981,52,34,217
1503960366,05.01.16,10602,6.809999943,2.289999962,1.600000024,2.920000076,33,35,246
1503960366,05.02.16,14727,9.710000038,3.210000038,0.569999993,5.920000076,41,15,277
1503960366,05.03.16,15103,9.659999847,3.730000019,1.049999952,4.880000114,50,24,254
1503960366,05.04.16,11100,7.150000095,2.460000038,0.870000005,3.819999933,36,22,203
1503960366,05.05.16,14070,8.899999619,2.920000076,1.080000043,4.880000114,45,24,250
1503960366,05.06.16,12159,8.029999733,1.970000029,0.25,5.809999943,24,6,289
1503960366,05.07.16,11992,7.710000038,2.460000038,2.119999886,3.130000114,37,46,175
1503960366,05.08.16,10060,6.579999924,3.529999971,0.319999993,2.730000019,44,8,203
1503960366,05.09.16,12022,7.71999979,3.450000048,0.529999971,3.74000001,46,11,206
1503960366,05.10.16,12207,7.769999981,3.349999905,1.159999967,3.25999999,46,31,214
1503960366,05.11.16,12770,8.130000114,2.559999943,1.00999999,4.550000191,36,23,251
1503960366,05.12.16,,0,0,0,0,0,0,0
1624580081,04.12.16,,5.309999943,0,0,5.309999943,0,0,146
1624580081,4/13/2016,7007,4.550000191,0,0,4.550000191,0,0,148
1624580081,4/14/2016,9107,5.920000076,0,0,5.909999847,0,0,236
1624580081,4/15/2016,1510,0.980000019,0,0,0.970000029,0,0,96
1624580081,4/16/2016,,3.49000001,0,0,3.49000001,0,0,176
1624580081,4/17/2016,,4.059999943,1.029999971,1.519999981,1.49000001,15,22,127
1624580081,4/18/2016,10536,7.409999847,2.150000095,0.620000005,4.619999886,17,7,202
1624580081,4/19/2016,2916,1.899999976,0,0,1.899999976,0,0,141
1624580081,4/20/2016,4974,3.230000019,0,0,3.230000019,0,0,151
1624580081,4/21/2016,6349,4.130000114,0,0,4.110000134,0,0,186
1624580081,4/22/2016,4026,2.619999886,0,0,2.599999905,0,0,199
1624580081,4/23/2016,8538,5.550000191,0,0,5.539999962,0,0,227
1624580081,4/24/2016,6076,3.950000048,1.149999976,0.910000026,1.889999986,16,18,185
1624580081,4/25/2016,6497,4.21999979,0,0,4.199999809,0,0,202
1624580081,4/26/2016,2826,1.840000033,0,0,1.830000043,0,0,140
1624580081,4/27/2016,8367,5.440000057,1.110000014,1.870000005,2.460000038,17,36,154
1624580081,4/28/2016,2759,1.789999962,0,0.200000003,1.600000024,0,5,115
1624580081,4/29/2016,2390,1.549999952,0,0,1.549999952,0,0,150
1624580081,4/30/2016,6474,4.300000191,0.899999976,1.279999971,2.119999886,11,23,224
1624580081,05.01.16,36019,28.03000069,21.92000008,4.190000057,1.909999967,186,63,171
1624580081,05.02.16,7155,4.929999828,0.860000014,0.589999974,3.470000029,7,6,166
1624580081,05.03.16,2100,1.370000005,0,0,1.340000033,0,0,96
1624580081,05.04.16,2193,1.429999948,0,0,1.419999957,0,0,118
1624580081,05.05.16,2470,1.610000014,0,0,1.580000043,0,0,117
1624580081,05.06.16,1727,1.120000005,0,0,1.120000005,0,0,102
1624580081,05.07.16,2104,1.370000005,0,0,1.370000005,0,0,182
1624580081,05.08.16,3427,2.230000019,0,0,2.220000029,0,0,152
1624580081,05.09.16,1732,1.129999995,0,0,1.129999995,0,0,91
1624580081,05.10.16,2969,1.929999948,0,0,1.919999957,0,0,139
1624580081,05.11.16,3134,2.039999962,0,0,2.039999962,0,0,112
1624580081,05.12.16,2971,1.929999948,0,0,1.919999957,0,0,107
1644430081,04.12.16,10694,7.769999981,0.140000001,2.299999952,5.329999924,2,51,256
1644430081,4/13/2016,8001,5.820000172,2.279999971,0.899999976,2.640000105,30,16,135
1644430081,4/14/2016,11037,8.020000458,0.360000014,2.559999943,5.099999905,5,58,252
1644430081,4/15/2016,5263,3.829999924,0.219999999,0.150000006,3.450000048,3,4,170
1644430081,4/16/2016,15300,11.11999989,4.099999905,1.879999995,5.090000153,51,42,212
1644430081,4/17/2016,8757,6.369999886,2.25,0.569999993,3.549999952,29,13,186
1644430081,4/18/2016,7132,5.190000057,1.070000052,1.669999957,2.450000048,15,33,121
1644430081,4/19/2016,11256,8.180000305,0.360000014,2.529999971,5.300000191,5,58,278
1644430081,4/20/2016,2436,1.769999981,0,0,1.75999999,0,0,125
1644430081,4/21/2016,1223,0.889999986,0,0,0.879999995,0,0,38
1644430081,4/22/2016,3673,2.670000076,0,0,2.660000086,0,0,86
1644430081,4/23/2016,6637,4.829999924,0,0.579999983,4.25,0,15,160
1644430081,4/24/2016,3321,2.410000086,0,0,2.410000086,0,0,89
1644430081,4/25/2016,3580,2.599999905,0.589999974,0.059999999,1.950000048,8,1,94
1644430081,4/26/2016,9919,7.210000038,0.800000012,1.720000029,4.690000057,11,41,223
1644430081,4/27/2016,3032,2.200000048,0,0,2.200000048,0,0,118
1644430081,4/28/2016,9405,6.840000153,0.200000003,2.319999933,4.309999943,3,53,227
1644430081,4/29/2016,3176,2.309999943,0,0,2.309999943,0,0,120
1644430081,4/30/2016,18213,13.23999977,0.629999995,3.140000105,9.460000038,9,71,402
1644430081,05.01.16,6132,4.460000038,0.239999995,0.99000001,3.230000019,3,24,146
1644430081,05.02.16,3758,2.730000019,0.07,0.310000002,2.349999905,1,7,148
1644430081,05.03.16,12850,9.340000153,0.720000029,4.090000153,4.539999962,10,94,221
1644430081,05.04.16,2309,1.679999948,0,0,1.659999967,0,0,52
1644430081,05.05.16,4363,3.190000057,0.519999981,0.540000021,2.130000114,6,12,81
1644430081,05.06.16,9787,7.119999886,0.819999993,0.270000011,6.010000229,11,6,369
1644430081,05.07.16,13372,9.720000267,3.25999999,0.790000021,5.670000076,41,17,243
1644430081,05.08.16,6724,4.889999866,0,0,4.880000114,0,0,295
1644430081,05.09.16,6643,4.829999924,2.390000105,0.349999994,2.089999914,32,6,303
1644430081,05.10.16,9167,6.659999847,0.879999995,0.810000002,4.96999979,12,19,155
1644430081,05.11.16,1329,0.970000029,0,0,0.949999988,0,0,49
1844505072,04.12.16,6697,4.429999828,0,0,4.429999828,0,0,339
1844505072,4/13/2016,4929,3.25999999,0,0,3.25999999,0,0,248
1844505072,4/14/2016,7937,5.25,0,0,5.230000019,0,0,373
1844505072,4/15/2016,3844,2.539999962,0,0,2.539999962,0,0,176
1844505072,4/16/2016,3414,2.25999999,0,0,2.25999999,0,0,147
1844505072,4/17/2016,4525,2.99000001,0.140000001,0.25999999,2.589999914,2,8,199
1844505072,4/18/2016,4597,3.039999962,0,0.479999989,2.559999943,0,12,217
1844505072,4/19/2016,,0.129999995,0,0,0.129999995,0,0,10
1844505072,4/20/2016,,0.01,0,0,0.01,0,0,1
1844505072,4/21/2016,8054,5.320000172,0.119999997,0.519999981,4.679999828,2,13,308
1844505072,4/22/2016,5372,3.549999952,0,0,3.549999952,0,0,220
1844505072,4/23/2016,3570,2.359999895,0,0,2.359999895,0,0,139
1844505072,4/24/2016,,0,0,0,0,0,0,0
1844505072,4/25/2016,,0,0,0,0,0,0,0
1844505072,4/26/2016,,0,0,0,0,0,0,0
1844505072,4/27/2016,,0,0,0,0,0,0,1
1844505072,4/28/2016,6907,4.570000172,0,0,4.559999943,0,0,302
1844505072,4/29/2016,4920,3.25,0,0,3.25,0,0,247
1844505072,4/30/2016,4014,2.670000076,0,0,2.650000095,0,0,184
1844505072,05.01.16,2573,1.700000048,0,0.25999999,1.450000048,0,7,75
1844505072,05.02.16,0,0,0,0,0,0,0,0
1844505072,05.03.16,4059,2.680000067,0,0,2.680000067,0,0,184
1844505072,05.04.16,2080,1.370000005,0,0,1.370000005,0,0,87
1844505072,05.05.16,2237,1.480000019,0,0,1.480000019,0,0,120
1844505072,05.06.16,44,0.029999999,0,0,0.029999999,0,0,2
1844505072,05.07.16,0,0,0,0,0,0,0,0
1844505072,05.08.16,0,0,0,0,0,0,0,0
1844505072,05.09.16,0,0,0,0,0,0,0,0
1844505072,05.10.16,0,0,0,0,0,0,0,0
1844505072,05.11.16,0,0,0,0,0,0,0,0
1844505072,05.12.16,0,0,0,0,0,0,0,0
1927972279,04.12.16,678,0.469999999,0,0,0.469999999,0,0,55
1927972279,4/13/2016,356,0.25,0,0,0.25,0,0,32
1927972279,4/14/2016,2163,1.5,0,0.400000006,1.100000024,0,9,88
1927972279,4/15/2016,980,0.680000007,0,0,0.680000007,0,0,51
1927972279,4/16/2016,0,0,0,0,0,0,0,0
1927972279,4/17/2016,0,0,0,0,0,0,0,0
1927972279,4/18/2016,244,0.170000002,0,0,0.170000002,0,0,17
1927972279,4/19/2016,0,0,0,0,0,0,0,0
1927972279,4/20/2016,0,0,0,0,0,0,0,0
1927972279,4/21/2016,0,0,0,0,0,0,0,0
1927972279,4/22/2016,149,0.100000001,0,0,0.100000001,0,0,10
1927972279,4/23/2016,2945,2.039999962,0,0,2.039999962,0,0,145
1927972279,4/24/2016,2090,1.450000048,0.07,0.239999995,1.139999986,1,6,75
1927972279,4/25/2016,152,0.109999999,0,0,0.109999999,0,0,12
1927972279,4/26/2016,3761,2.599999905,0,0,2.599999905,0,0,192
1927972279,4/27/2016,0,0,0,0,0,0,0,0
1927972279,4/28/2016,1675,1.159999967,0,0,1.159999967,0,0,95
1927972279,4/29/2016,0,0,0,0,0,0,0,0
1927972279,4/30/2016,0,0,0,0,0,0,0,0
1927972279,05.01.16,,1.870000005,1.00999999,0.029999999,0.829999983,14,1,70
1927972279,05.02.16,3790,2.619999886,1.159999967,0.300000012,1.159999967,16,8,94
1927972279,05.03.16,1326,0.920000017,0.730000019,0,0.180000007,10,0,17
1927972279,05.04.16,,1.24000001,0,0,1.24000001,0,0,87
1927972279,05.05.16,0,0,0,0,0,0,0,0
1927972279,05.06.16,2091,1.450000048,0,0,1.450000048,0,0,108
1927972279,05.07.16,1510,1.039999962,0,0,1.039999962,0,0,48
1927972279,05.08.16,0,0,0,0,0,0,0,0
1927972279,05.09.16,0,0,0,0,0,0,0,0
1927972279,05.10.16,,0,0,0,0,0,0,0
1927972279,05.11.16,0,0,0,0,0,0,0,0
1927972279,05.12.16,0,0,0,0,0,0,0,0
2022484408,04.12.16,11875,8.340000153,3.309999943,0.769999981,4.260000229,42,14,227
2022484408,4/13/2016,12024,8.5,2.99000001,0.100000001,5.409999847,43,5,292
2022484408,4/14/2016,10690,7.5,2.480000019,0.209999993,4.820000172,32,3,257
2022484408,4/15/2016,,8.029999733,1.940000057,0.310000002,5.78000021,27,9,282
2022484408,4/16/2016,10100,7.090000153,3.150000095,0.550000012,3.390000105,41,11,151
2022484408,4/17/2016,15112,11.39999962,3.869999886,0.660000026,6.880000114,28,29,331
2022484408,4/18/2016,14131,10.06999969,3.640000105,0.119999997,6.300000191,48,3,311
2022484408,4/19/2016,11548,8.529999733,3.289999962,0.239999995,5,31,7,250
2022484408,4/20/2016,15112,10.67000008,3.339999914,1.929999948,5.400000095,48,63,276
2022484408,4/21/2016,12453,8.739999771,3.329999924,1.110000014,4.309999943,104,53,255
2022484408,4/22/2016,,9.329999924,4.429999828,0.419999987,4.46999979,52,10,273
2022484408,4/23/2016,6001,4.210000038,0,0,4.210000038,0,0,249
2022484408,4/24/2016,13481,10.27999973,4.550000191,1.149999976,4.579999924,37,26,216
2022484408,4/25/2016,11369,8.010000229,3.329999924,0.219999999,4.460000038,44,8,217
2022484408,4/26/2016,10119,7.190000057,1.429999948,0.660000026,5.110000134,55,24,275
2022484408,4/27/2016,10159,7.130000114,1.039999962,0.970000029,5.119999886,19,20,282
2022484408,4/28/2016,10140,7.119999886,0.409999996,1.330000043,5.389999866,6,20,291
2022484408,4/29/2016,10245,7.190000057,0.479999989,1.210000038,5.5,21,40,281
2022484408,4/30/2016,18387,12.90999985,0.939999998,1.399999976,10.56999969,13,23,361
2022484408,05.01.16,10538,7.400000095,1.940000057,0.959999979,4.5,25,28,245
2022484408,05.02.16,10379,7.289999962,2.609999895,0.340000004,4.329999924,36,8,277
2022484408,05.03.16,12183,8.739999771,3.99000001,0.460000008,4.28000021,72,14,250
2022484408,05.04.16,11768,8.289999962,2.50999999,0.930000007,4.849999905,36,27,272
2022484408,05.05.16,11895,8.350000381,2.789999962,0.860000014,4.699999809,55,20,253
2022484408,05.06.16,10227,7.179999828,1.870000005,0.670000017,4.639999866,24,17,295
2022484408,05.07.16,,4.710000038,1.610000014,0.079999998,3.019999981,20,2,149
2022484408,05.08.16,3292,2.309999943,0,0,2.309999943,0,0,135
2022484408,05.09.16,13379,9.390000343,2.119999886,1.629999995,5.639999866,35,47,297
2022484408,05.10.16,12798,8.979999542,2.220000029,1.210000038,5.559999943,57,28,271
2022484408,05.11.16,13272,9.319999695,4.179999828,1.149999976,3.99000001,58,25,224
2022484408,05.12.16,9117,6.409999847,1.279999971,0.670000017,4.440000057,16,16,236
2026352035,04.12.16,4414,2.74000001,0.189999998,0.349999994,2.200000048,3,8,181
2026352035,4/13/2016,4993,3.099999905,0,0,3.099999905,0,0,238
2026352035,4/14/2016,3335,2.069999933,0,0,2.049999952,0,0,197
2026352035,4/15/2016,3821,2.369999886,0,0,2.369999886,0,0,188
2026352035,4/16/2016,2547,1.580000043,0,0,1.580000043,0,0,150
2026352035,4/17/2016,838,0.519999981,0,0,0.519999981,0,0,60
2026352035,4/18/2016,3325,2.059999943,0,0,2.059999943,0,0,182
2026352035,4/19/2016,2424,1.5,0,0,1.5,0,0,141
2026352035,4/20/2016,7222,4.480000019,0,0,4.480000019,0,0,327
2026352035,4/21/2016,2467,1.529999971,0,0,1.529999971,0,0,153
2026352035,4/22/2016,2915,1.809999943,0,0,1.809999943,0,0,162
2026352035,4/23/2016,12357,7.710000038,0,0,7.710000038,0,0,432
2026352035,4/24/2016,3490,2.160000086,0,0,2.160000086,0,0,164
2026352035,4/25/2016,6017,3.730000019,0,0,3.730000019,0,0,260
2026352035,4/26/2016,5933,3.680000067,0,0,3.680000067,0,0,288
2026352035,4/27/2016,6088,3.769999981,0,0,3.769999981,0,0,286
2026352035,4/28/2016,6375,3.950000048,0,0,3.950000048,0,0,331
2026352035,4/29/2016,7604,4.710000038,0,0,4.710000038,0,0,352
2026352035,4/30/2016,4729,2.930000067,0,0,2.930000067,0,0,233
2026352035,05.01.16,3609,2.279999971,0,0,2.279999971,0,0,191
2026352035,05.02.16,7018,4.349999905,0,0,4.349999905,0,0,355
2026352035,05.03.16,5992,3.720000029,0,0,3.720000029,0,0,304
2026352035,05.04.16,6564,4.070000172,0,0,4.070000172,0,0,345
2026352035,05.05.16,12167,7.539999962,0,0,7.539999962,0,0,475
2026352035,05.06.16,8198,5.079999924,0,0,5.079999924,0,0,383
2026352035,05.07.16,4193,2.599999905,0,0,2.599999905,0,0,229
2026352035,05.08.16,5528,3.450000048,0,0,3.450000048,0,0,258
2026352035,05.09.16,10685,6.619999886,0,0,6.599999905,0,0,401
2026352035,05.10.16,254,0.159999996,0,0,0.159999996,0,0,17
2026352035,05.11.16,8580,5.320000172,0,0,5.320000172,0,0,330
2026352035,05.12.16,8891,5.510000229,0,0,5.510000229,0,0,343
2320127002,04.12.16,10725,7.489999771,1.169999957,0.310000002,6.010000229,13,9,306
2320127002,4/13/2016,7275,4.900000095,0,0,4.900000095,0,0,335
2320127002,4/14/2016,3973,2.680000067,0,0,2.680000067,0,0,191
2320127002,4/15/2016,5205,3.50999999,0,0,3.50999999,0,0,245
2320127002,4/16/2016,5057,3.410000086,0,0,3.400000095,0,0,195
2320127002,4/17/2016,6198,4.179999828,0,0,4.179999828,0,0,249
2320127002,4/18/2016,6559,4.420000076,0,0.25999999,4.139999866,0,7,260
2320127002,4/19/2016,5997,4.039999962,0,0.379999995,3.660000086,0,11,228
2320127002,4/20/2016,7192,4.849999905,0,0.49000001,4.340000153,0,11,283
2320127002,4/21/2016,3404,2.289999962,0.059999999,0.419999987,1.809999943,1,10,127
2320127002,4/22/2016,5583,3.75999999,0,0,3.75999999,0,0,266
2320127002,4/23/2016,,3.420000076,0,0,3.420000076,0,0,242
2320127002,4/24/2016,4165,2.809999943,0,0,2.799999952,0,0,204
2320127002,4/25/2016,3588,2.420000076,0.230000004,0.200000003,1.99000001,3,5,152
2320127002,4/26/2016,,2.299999952,0,0,2.299999952,0,0,147
2320127002,4/27/2016,1715,1.159999967,0,0,1.159999967,0,0,82
2320127002,4/28/2016,1532,1.029999971,0,0,1.029999971,0,0,76
2320127002,4/29/2016,924,0.620000005,0,0,0.620000005,0,0,45
2320127002,4/30/2016,4571,3.079999924,0,0,3.069999933,0,0,234
2320127002,05.01.16,772,0.519999981,0,0,0.519999981,0,0,40
2320127002,05.02.16,3634,2.450000048,0.360000014,0.209999993,1.879999995,5,6,123
2320127002,05.03.16,,5.019999981,1.49000001,0.370000005,3.160000086,20,10,206
2320127002,05.04.16,,0.810000002,0,0,0.810000002,0,0,52
2320127002,05.05.16,,3.50999999,0,0.389999986,3.109999895,0,11,223
2320127002,05.06.16,,3.289999962,0,0,3.289999962,0,0,204
2320127002,05.07.16,7379,4.96999979,0,0,4.96999979,0,0,319
2320127002,05.08.16,5161,3.480000019,0,0,3.470000029,0,0,247
2320127002,05.09.16,3090,2.079999924,0,0,2.079999924,0,0,145
2320127002,05.10.16,,4.199999809,0,0,4.199999809,0,0,290
2320127002,05.11.16,6424,4.329999924,0,0,4.329999924,0,0,300
2320127002,05.12.16,2661,1.789999962,0,0,1.789999962,0,0,128
2347167796,04.12.16,10113,6.829999924,2,0.620000005,4.199999809,28,13,320
2347167796,4/13/2016,10352,7.010000229,1.659999967,1.940000057,3.410000086,19,32,195
2347167796,4/14/2016,10129,6.699999809,0.02,2.74000001,3.940000057,1,48,206
2347167796,4/15/2016,10465,6.920000076,0.07,1.419999957,5.429999828,1,24,284
2347167796,4/16/2016,22244,15.07999992,5.449999809,4.099999905,5.53000021,66,72,268
2347167796,4/17/2016,5472,3.619999886,0.079999998,0.280000001,3.25999999,1,7,249
2347167796,4/18/2016,8247,5.449999809,0.790000021,0.860000014,3.789999962,11,16,206
2347167796,4/19/2016,6711,4.440000057,0,0,4.440000057,0,7,382
2347167796,4/20/2016,10999,7.269999981,0.680000007,1.809999943,4.78000021,11,43,269
2347167796,4/21/2016,10080,6.75,1.850000024,1.529999971,3.380000114,23,26,208
2347167796,4/22/2016,7804,5.159999847,0.560000002,1.679999948,2.920000076,9,27,206
2347167796,4/23/2016,16901,11.36999989,2.779999971,1.450000048,7.150000095,32,35,360
2347167796,4/24/2016,9471,6.260000229,0,0,6.260000229,0,0,360
2347167796,4/25/2016,9482,6.380000114,1.269999981,0.519999981,4.599999905,15,11,277
2347167796,4/26/2016,5980,3.950000048,0,0,3.950000048,0,0,227
2347167796,4/27/2016,11423,7.579999924,1.860000014,0.400000006,5.320000172,26,9,295
2347167796,4/28/2016,5439,3.599999905,0,0,3.599999905,0,0,229
2347167796,4/29/2016,42,0.029999999,0,0,0.029999999,0,0,4
2873212765,04.12.16,8796,5.909999847,0.109999999,0.930000007,4.880000114,2,21,356
2873212765,4/13/2016,7618,5.119999886,0,0.219999999,4.880000114,0,8,404
2873212765,4/14/2016,7910,5.320000172,0,0,5.320000172,0,0,331
2873212765,4/15/2016,8482,5.699999809,0,0,5.690000057,0,0,448
2873212765,4/16/2016,9685,6.650000095,3.109999895,0.02,3.50999999,47,1,305
2873212765,4/17/2016,2524,1.700000048,0,0.349999994,1.340000033,0,8,160
2873212765,4/18/2016,7762,5.239999771,0.07,0.280000001,4.889999866,1,6,311
2873212765,4/19/2016,7948,5.369999886,0,0,5.360000134,0,0,389
2873212765,4/20/2016,9202,6.300000191,1.50999999,0.119999997,4.659999847,22,5,378
2873212765,4/21/2016,8859,5.980000019,0.129999995,0.370000005,5.46999979,2,10,371
2873212765,4/22/2016,7286,4.900000095,0.460000008,0,4.420000076,46,0,366
2873212765,4/23/2016,9317,6.349999905,2.089999914,0.230000004,4.019999981,28,5,330
2873212765,4/24/2016,6873,4.679999828,3,0.059999999,1.620000005,46,1,190
2873212765,4/25/2016,7373,4.949999809,0,0,4.949999809,0,0,359
2873212765,4/26/2016,8242,5.539999962,0.119999997,0.180000007,5.239999771,2,5,309
2873212765,4/27/2016,3516,2.359999895,0,0,2.359999895,46,0,197
2873212765,4/28/2016,7913,5.409999847,2.160000086,0.340000004,2.910000086,28,7,213
2873212765,4/29/2016,7365,4.949999809,1.360000014,1.409999967,2.180000067,20,23,206
2873212765,4/30/2016,8452,5.679999828,0.330000013,1.080000043,4.260000229,5,20,248
2873212765,05.01.16,7399,4.96999979,0.49000001,1.039999962,3.440000057,7,18,196
2873212765,05.02.16,7525,5.059999943,0,0.209999993,4.829999924,0,7,334
2873212765,05.03.16,7412,4.980000019,0.059999999,0.25,4.659999847,1,6,363
2873212765,05.04.16,8278,5.559999943,0,0,5.559999943,0,0,420
2873212765,05.05.16,8314,5.610000134,0.779999971,0.800000012,4.03000021,13,23,311
2873212765,05.06.16,7063,4.75,0,0.119999997,4.610000134,0,5,370
2873212765,05.07.16,4940,3.380000114,2.279999971,0.550000012,0.550000012,75,11,52
2873212765,05.08.16,8168,5.539999962,2.900000095,0,2.640000105,46,0,326
2873212765,05.09.16,7726,5.190000057,0,0,5.190000057,0,0,345
2873212765,05.10.16,8275,5.559999943,0,0,5.550000191,0,0,373
2873212765,05.11.16,6440,4.329999924,0,0,4.320000172,0,0,319
2873212765,05.12.16,7566,5.110000134,0,0,5.110000134,0,0,268
3372868164,04.12.16,4747,3.24000001,0,0,3.230000019,0,0,280
3372868164,4/13/2016,9715,6.630000114,0.99000001,0.340000004,5.269999981,16,8,371
3372868164,4/14/2016,8844,6.03000021,0.340000004,1.029999971,4.650000095,6,25,370
3372868164,4/15/2016,7451,5.079999924,0,0,5.059999943,0,0,335
3372868164,4/16/2016,6905,4.730000019,0,0,4.699999809,0,0,356
3372868164,4/17/2016,8199,5.880000114,1.409999967,0.100000001,4.360000134,11,2,322
3372868164,4/18/2016,6798,4.639999866,1.080000043,0.200000003,3.349999905,20,7,343
3372868164,4/19/2016,7711,5.260000229,0,0,5.239999771,0,0,376
3372868164,4/20/2016,4880,3.329999924,0.839999974,0.090000004,2.380000114,15,3,274
3372868164,4/21/2016,8857,6.070000172,1.149999976,0.25999999,4.639999866,18,9,376
3372868164,4/22/2016,,2.619999886,0,0,2.609999895,0,0,206
3372868164,4/23/2016,7396,5.070000172,1.399999976,0.079999998,3.579999924,20,2,303
3372868164,4/24/2016,6731,4.590000153,0.889999986,0.189999998,3.49000001,14,7,292
3372868164,4/25/2016,5995,4.090000153,0,0,4.090000153,0,0,416
3372868164,4/26/2016,8283,5.789999962,1.850000024,0.050000001,3.869999886,22,2,333
3372868164,4/27/2016,7904,5.420000076,1.580000043,0.629999995,3.190000057,24,13,346
3372868164,4/28/2016,5512,3.75999999,0,0,3.75999999,0,0,385
3372868164,4/29/2016,9135,6.230000019,0,0,6.21999979,0,0,402
3372868164,4/30/2016,5250,3.579999924,1.059999943,0.090000004,2.420000076,17,4,300
3372868164,05.01.16,3077,2.099999905,0,0,2.089999914,0,0,172
3977333714,04.12.16,8856,5.980000019,3.059999943,0.910000026,2.00999999,44,19,131
3977333714,4/13/2016,10035,6.710000038,2.029999971,2.130000114,2.549999952,31,46,153
3977333714,4/14/2016,7641,5.110000134,0.319999993,0.970000029,3.819999933,5,23,214
3977333714,4/15/2016,9010,6.059999943,1.049999952,1.75,3.25999999,15,42,183
3977333714,4/16/2016,13459,9,2.029999971,4,2.970000029,31,83,153
3977333714,4/17/2016,10415,6.96999979,0.699999988,2.349999905,3.920000076,11,58,205
3977333714,4/18/2016,11663,7.800000191,0.25,3.730000019,3.819999933,4,95,214
3977333714,4/19/2016,12414,8.779999733,2.24000001,2.450000048,3.960000038,19,67,221
3977333714,4/20/2016,11658,7.829999924,0.200000003,4.349999905,3.279999971,2,98,164
3977333714,4/21/2016,6093,4.079999924,0,0,4.059999943,0,0,242
3977333714,4/22/2016,8911,5.960000038,2.329999924,0.579999983,3.059999943,33,12,188
3977333714,4/23/2016,12058,8.069999695,0,4.21999979,3.849999905,0,92,252
3977333714,4/24/2016,14112,10,3.269999981,4.559999943,2.170000076,30,95,129
3977333714,4/25/2016,11177,8.479999542,5.619999886,0.430000007,2.410000086,50,9,133
3977333714,4/26/2016,11388,7.619999886,0.449999988,4.21999979,2.950000048,7,95,170
3977333714,4/27/2016,7193,5.039999962,0,0.419999987,4.619999886,0,10,176
3977333714,4/28/2016,7114,4.880000114,1.370000005,0.289999992,3.220000029,15,8,190
3977333714,4/29/2016,10645,7.75,3.74000001,1.299999952,2.710000038,36,32,150
3977333714,4/30/2016,13238,9.199999809,3.690000057,2.099999905,3.410000086,43,52,194
3977333714,05.01.16,10414,7.070000172,2.670000076,1.980000019,2.410000086,41,40,124
3977333714,05.02.16,16520,11.05000019,1.539999962,6.480000019,3.019999981,24,143,176
3977333714,05.03.16,14335,9.590000153,3.319999933,1.74000001,4.53000021,47,41,258
3977333714,05.04.16,13559,9.43999958,1.809999943,4.579999924,2.890000105,14,96,142
3977333714,05.05.16,12312,8.579999924,1.75999999,4.110000134,2.710000038,14,88,178
3977333714,05.06.16,11677,8.279999733,3.109999895,2.50999999,2.670000076,29,55,168
3977333714,05.07.16,11550,7.730000019,0,4.130000114,3.589999914,0,86,208
3977333714,05.08.16,13585,9.090000153,0.680000007,5.239999771,3.170000076,9,116,171
3977333714,05.09.16,14687,10.07999992,0.769999981,5.599999905,3.549999952,8,122,151
3977333714,05.10.16,13072,8.779999733,0.07,5.400000095,3.309999943,1,115,196
3977333714,05.11.16,746,0.5,0.370000005,0,0.129999995,4,0,9
4020332650,04.12.16,8539,6.119999886,0.150000006,0.239999995,5.679999828,4,15,331
4020332650,4/13/2016,,0,0,0,0,0,0,0
4020332650,4/14/2016,108,0.079999998,0,0,0.029999999,0,0,3
4020332650,4/15/2016,1882,1.350000024,0.209999993,0.360000014,0.769999981,36,18,87
4020332650,4/16/2016,1982,1.419999957,0.449999988,0.370000005,0.589999974,65,21,55
4020332650,4/17/2016,,0.01,0,0,0.01,0,0,2
4020332650,4/18/2016,,0.039999999,0,0,0.039999999,0,0,2
4020332650,4/19/2016,,0,0,0,0,0,0,0
4020332650,4/20/2016,,0,0,0,0,0,0,0
4020332650,4/21/2016,,0,0,0,0,0,0,0
4020332650,4/22/2016,,0,0,0,0,0,0,0
4020332650,4/23/2016,,0,0,0,0,0,0,0
4020332650,4/24/2016,,0,0,0,0,0,0,0
4020332650,4/25/2016,,0,0,0,0,0,0,0
4020332650,4/26/2016,,0,0,0,0,0,0,0
4020332650,4/27/2016,,0,0,0,0,0,0,0
4020332650,4/28/2016,,0,0,0,0,0,0,0
4020332650,4/29/2016,,0,0,0,0,0,0,0
4020332650,4/30/2016,,0,0,0,0,0,0,0
4020332650,05.01.16,,0,0,0,0,0,0,0
4020332650,05.02.16,,0.340000004,0,0.039999999,0.289999992,0,11,31
4020332650,05.03.16,4496,3.220000029,0,0,3.150000095,0,0,174
4020332650,05.04.16,10252,7.349999905,0.670000017,1.039999962,5.579999924,13,46,346
4020332650,05.05.16,11728,8.430000305,2.619999886,1.679999948,4.039999962,38,42,196
4020332650,05.06.16,4369,3.130000114,0,0,3.099999905,0,0,177
4020332650,05.07.16,6132,4.400000095,0,0,3.579999924,0,0,184
4020332650,05.08.16,5862,4.199999809,0,0,4.150000095,0,0,263
4020332650,05.09.16,4556,3.269999981,0.200000003,0.119999997,2.940000057,3,5,173
4020332650,05.10.16,5546,3.980000019,0,0,3.869999886,0,0,206
4020332650,05.11.16,3689,2.650000095,0.109999999,0.170000002,2.329999924,2,8,134
4020332650,05.12.16,590,0.419999987,0,0,0.409999996,0,0,21
4057192912,04.12.16,5394,4.03000021,0,0,3.940000057,0,0,164
4057192912,4/13/2016,5974,4.46999979,0,0,4.369999886,0,0,160
4057192912,4/14/2016,0,0,0,0,0,0,0,0
4057192912,4/15/2016,3984,2.950000048,0.209999993,0.25999999,2.440000057,3,6,88
4319703577,04.12.16,7753,5.199999809,0,0,0,0,0,0
4319703577,4/13/2016,8204,5.5,0.529999971,0.589999974,1.309999943,8,15,96
4319703577,4/14/2016,10210,6.880000114,0.109999999,0.330000013,6.440000057,1,9,339
4319703577,4/15/2016,5664,3.799999952,0,0,3.799999952,0,0,228
4319703577,4/16/2016,4744,3.180000067,0,0,3.180000067,0,0,194
4319703577,4/17/2016,29,0.02,0,0,0.02,0,0,3
4319703577,4/18/2016,2276,1.549999952,0.07,0.330000013,1.120000005,1,9,58
4319703577,4/19/2016,8925,5.989999771,0,0,5.989999771,0,0,311
4319703577,4/20/2016,8954,6.010000229,0,0.680000007,5.309999943,0,18,306
4319703577,4/21/2016,3702,2.480000019,0,0,0.349999994,0,0,34
4319703577,4/22/2016,4500,3.019999981,0.059999999,0.810000002,2.150000095,1,19,176
4319703577,4/23/2016,4935,3.309999943,0,0,3.309999943,0,0,233
4319703577,4/24/2016,4081,2.74000001,0.059999999,0.200000003,2.470000029,1,5,191
4319703577,4/25/2016,9259,6.210000038,0,0.280000001,5.929999828,0,8,390
4319703577,4/26/2016,9899,6.639999866,0.569999993,0.920000017,5.150000095,8,21,288
4319703577,4/27/2016,10780,7.230000019,0.409999996,1.919999957,4.909999847,6,47,300
4319703577,4/28/2016,10817,7.28000021,1.00999999,0.330000013,5.940000057,13,8,359
4319703577,4/29/2016,7990,5.360000134,0.449999988,0.790000021,4.119999886,6,18,289
4319703577,4/30/2016,8221,5.519999981,0.400000006,1.610000014,3.50999999,6,38,196
4319703577,05.01.16,1251,0.839999974,0,0,0.839999974,0,0,67
4319703577,05.02.16,9261,6.239999771,0,0.439999998,5.710000038,0,11,344
4319703577,05.03.16,9648,6.46999979,0.579999983,1.070000052,4.829999924,8,26,287
4319703577,05.04.16,10429,7.019999981,0.589999974,0.579999983,5.849999905,8,13,313
4319703577,05.05.16,13658,9.489999771,2.630000114,1.409999967,5.449999809,27,34,328
4319703577,05.06.16,9524,6.420000076,0.409999996,0.469999999,5.460000038,6,11,314
4319703577,05.07.16,7937,5.329999924,0.189999998,1.049999952,4.079999924,3,28,279
4319703577,05.08.16,3672,2.460000038,0,0,2.460000038,0,0,153
4319703577,05.09.16,10378,6.960000038,0.140000001,0.560000002,6.25,2,14,374
4319703577,05.10.16,9487,6.369999886,0.209999993,0.460000008,5.699999809,3,12,329
4319703577,05.11.16,9129,6.130000114,0.200000003,0.74000001,5.179999828,3,18,311
4319703577,05.12.16,17,0.01,0,0,0.01,0,0,2
4388161847,04.12.16,10122,7.78000021,0,0,0,0,0,0
4388161847,4/13/2016,10993,8.449999809,0.059999999,0.629999995,3.880000114,1,14,150
4388161847,4/14/2016,8863,6.820000172,0.129999995,1.070000052,5.619999886,10,35,219
4388161847,4/15/2016,8758,6.730000019,0,0,6.730000019,0,0,299
4388161847,4/16/2016,6580,5.059999943,0.209999993,0.400000006,4.449999809,6,9,253
4388161847,4/17/2016,4660,3.579999924,0,0,3.579999924,0,0,201
4388161847,4/18/2016,11009,9.100000381,3.559999943,0.400000006,5.139999866,27,8,239
4388161847,4/19/2016,10181,7.829999924,1.370000005,0.689999998,5.769999981,20,16,249
4388161847,4/20/2016,10553,8.119999886,1.100000024,1.720000029,5.289999962,19,42,228
4388161847,4/21/2016,10055,7.730000019,0.370000005,0.389999986,6.980000019,7,12,272
4388161847,4/22/2016,12139,9.340000153,3.299999952,1.110000014,4.920000076,77,25,220
4388161847,4/23/2016,13236,10.18000031,4.5,0.319999993,5.349999905,58,5,215
4388161847,4/24/2016,10243,7.880000114,1.080000043,0.50999999,6.300000191,14,8,239
4388161847,4/25/2016,12961,9.970000267,0.730000019,1.399999976,7.840000153,11,31,301
4388161847,4/26/2016,9461,7.28000021,0.939999998,1.059999943,5.269999981,14,23,224
4388161847,4/27/2016,11193,8.609999657,0.699999988,2.50999999,5.389999866,11,48,241
4388161847,4/28/2016,10074,7.75,1.289999962,0.430000007,6.03000021,19,9,234
4388161847,4/29/2016,9232,7.099999905,0.800000012,0.889999986,5.420000076,13,16,236
4388161847,4/30/2016,12533,9.640000343,0.699999988,2,6.940000057,14,43,300
4388161847,05.01.16,10255,7.889999866,1.00999999,0.680000007,6.199999809,12,15,241
4388161847,05.02.16,10096,8.399999619,3.769999981,0.079999998,4.550000191,33,4,204
4388161847,05.03.16,12727,9.789999962,1.129999995,0.779999971,7.880000114,18,18,306
4388161847,05.04.16,12375,9.520000458,2.789999962,0.930000007,5.800000191,35,21,251
4388161847,05.05.16,9603,7.380000114,0.629999995,1.669999957,5.090000153,12,39,199
4388161847,05.06.16,13175,10.13000011,2.109999895,2.089999914,5.929999828,33,45,262
4388161847,05.07.16,22770,17.54000092,9.449999809,2.769999981,5.329999924,120,56,260
4388161847,05.08.16,17298,14.38000011,9.890000343,1.25999999,3.230000019,107,38,178
4388161847,05.09.16,10218,7.860000134,0.340000004,0.730000019,6.789999962,6,19,258
4388161847,05.10.16,10299,7.920000076,0.810000002,0.649999976,6.460000038,13,14,267
4388161847,05.11.16,10201,7.840000153,0.529999971,0.790000021,6.53000021,8,18,256
4388161847,05.12.16,3369,2.589999914,0,0,2.589999914,0,0,108
4445114986,04.12.16,3276,2.200000048,0,0,2.200000048,0,0,196
4445114986,4/13/2016,2961,1.99000001,0,0,1.99000001,0,0,194
4445114986,4/14/2016,3974,2.670000076,0,0,2.670000076,0,0,231
4445114986,4/15/2016,7198,4.829999924,0,0,4.829999924,0,0,350
4445114986,4/16/2016,3945,2.650000095,0,0,2.650000095,0,0,225
4445114986,4/17/2016,2268,1.519999981,0,0,1.519999981,0,0,114
4445114986,4/18/2016,6155,4.239999771,2,0.289999992,1.950000048,25,6,162
4445114986,4/19/2016,2064,1.389999986,0,0,1.389999986,0,0,121
4445114986,4/20/2016,2072,1.389999986,0,0,1.389999986,0,0,137
4445114986,4/21/2016,3809,2.559999943,0,0,2.539999962,0,0,215
4445114986,4/22/2016,6831,4.579999924,0,0,4.579999924,0,0,317
4445114986,4/23/2016,4363,2.930000067,0,0,2.930000067,0,0,201
4445114986,4/24/2016,5002,3.359999895,0,0,3.359999895,0,0,244
4445114986,4/25/2016,3385,2.269999981,0,0,2.269999981,0,0,179
4445114986,4/26/2016,6326,4.409999847,2.410000086,0.039999999,1.960000038,29,1,180
4445114986,4/27/2016,7243,5.03000021,2.619999886,0.029999999,2.380000114,32,1,194
4445114986,4/28/2016,4493,3.00999999,0,0,3.00999999,0,0,236
4445114986,4/29/2016,4676,3.140000105,0,0,3.130000114,0,0,226
4445114986,4/30/2016,6222,4.179999828,0,0,4.179999828,0,0,290
4445114986,05.01.16,5232,3.50999999,0,0,3.50999999,0,0,240
4445114986,05.02.16,6910,4.75,2.210000038,0.189999998,2.349999905,27,4,200
4445114986,05.03.16,7502,5.179999828,2.480000019,0.109999999,2.579999924,30,2,233
4445114986,05.04.16,2923,1.960000038,0,0,1.960000038,0,0,180
4445114986,05.05.16,3800,2.549999952,0.119999997,0.239999995,2.180000067,2,6,185
4445114986,05.06.16,4514,3.029999971,0,0,3.029999971,0,0,229
4445114986,05.07.16,5183,3.589999914,2.130000114,0.189999998,1.25,26,4,108
4445114986,05.08.16,7303,4.900000095,0,0.25,4.650000095,0,8,308
4445114986,05.09.16,5275,3.539999962,0,0,3.539999962,0,0,266
4445114986,05.10.16,3915,2.630000114,0,0,2.630000114,0,0,231
4445114986,05.11.16,9105,6.110000134,2.25,1,2.859999895,34,22,232
4445114986,05.12.16,768,0.519999981,0,0,0.519999981,0,0,58
4558609924,04.12.16,5135,3.390000105,0,0,3.390000105,0,0,318
4558609924,4/13/2016,4978,3.289999962,1.24000001,0.439999998,1.610000014,19,7,127
4558609924,4/14/2016,6799,4.489999771,0,0,4.489999771,0,0,279
4558609924,4/15/2016,7795,5.150000095,0.589999974,0.839999974,3.730000019,17,30,262
4558609924,4/16/2016,7289,4.820000172,0.550000012,0.75,3.5,8,12,308
4558609924,4/17/2016,9634,6.400000095,0.550000012,1.139999986,4.710000038,7,19,304
4558609924,4/18/2016,8940,5.909999847,0.980000019,0.930000007,4,14,15,331
4558609924,4/19/2016,5401,3.569999933,0.050000001,0.360000014,3.160000086,1,9,248
4558609924,4/20/2016,4803,3.170000076,0,0,3.170000076,0,0,222
4558609924,4/21/2016,13743,9.079999924,0.419999987,0.970000029,7.699999809,6,21,432
4558609924,4/22/2016,9601,6.349999905,1.370000005,1.5,3.470000029,20,25,273
4558609924,4/23/2016,6890,4.550000191,0.340000004,0.200000003,4.010000229,5,5,308
4558609924,4/24/2016,8563,5.659999847,0,0,5.650000095,0,0,395
4558609924,4/25/2016,8095,5.349999905,0.589999974,0.25,4.510000229,18,10,340
4558609924,4/26/2016,9148,6.050000191,0.430000007,2.029999971,3.589999914,12,41,283
4558609924,4/27/2016,9557,6.320000172,1.960000038,0.889999986,3.460000038,27,14,312
4558609924,4/28/2016,9451,6.25,0.02,0.270000011,5.949999809,1,11,367
4558609924,4/29/2016,7833,5.179999828,1.019999981,1.850000024,2.309999943,15,29,197
4558609924,4/30/2016,10319,6.820000172,0.469999999,1.889999986,4.460000038,7,29,293
4558609924,05.01.16,3428,2.269999981,0,0,2.269999981,0,0,190
4558609924,05.02.16,7891,5.21999979,0,0,5.21999979,0,0,383
4558609924,05.03.16,5267,3.480000019,0.600000024,0.280000001,2.599999905,21,10,237
4558609924,05.04.16,,3.460000038,0,0,3.460000038,0,0,252
4558609924,05.05.16,10611,7.010000229,1.00999999,0.5,5.510000229,14,8,370
4558609924,05.06.16,3755,2.480000019,0,0,2.480000019,0,0,202
4558609924,05.07.16,8237,5.440000057,1.610000014,1,2.829999924,23,16,233
4558609924,05.08.16,6543,4.329999924,1.799999952,0.5,2.019999981,66,35,238
4558609924,05.09.16,11451,7.570000172,0.430000007,1.620000005,5.519999981,6,30,339
4558609924,05.10.16,6435,4.25,0.74000001,1.120000005,2.390000105,11,18,220
4558609924,05.11.16,9108,6.019999981,0.25999999,1.820000052,3.940000057,4,31,324
4558609924,05.12.16,6307,4.170000076,0,0,4.170000076,0,0,247
4702921684,04.12.16,7213,5.880000114,0,0,5.849999905,0,0,263
4702921684,4/13/2016,6877,5.579999924,0,0,5.579999924,0,0,258
4702921684,4/14/2016,7860,6.369999886,0,0,6.369999886,0,0,271
4702921684,4/15/2016,6506,5.28000021,0.07,0.419999987,4.789999962,1,8,256
4702921684,4/16/2016,11140,9.029999733,0.239999995,1.25,7.539999962,3,24,335
4702921684,4/17/2016,12692,10.28999996,0.959999979,3.460000038,5.880000114,12,66,302
4702921684,4/18/2016,9105,7.380000114,1.820000052,1.49000001,4.070000172,22,30,191
4702921684,4/19/2016,6708,5.440000057,0.879999995,0.370000005,4.190000057,10,8,179
4702921684,4/20/2016,8793,7.130000114,0.159999996,1.230000019,5.730000019,2,29,260
4702921684,4/21/2016,6530,5.300000191,0.310000002,2.049999952,2.940000057,4,41,144
4702921684,4/22/2016,1664,1.350000024,0,0,1.350000024,0,0,72
4702921684,4/23/2016,15126,12.27000046,0.75999999,3.24000001,8.270000458,9,66,408
4702921684,4/24/2016,15050,12.22000027,1.200000048,5.119999886,5.880000114,15,95,281
4702921684,4/25/2016,9167,7.429999828,0.49000001,0.819999993,6.110000134,6,15,270
4702921684,4/26/2016,6108,4.949999809,0.07,0.349999994,4.539999962,1,8,216
4702921684,4/27/2016,7047,5.71999979,0.090000004,0.800000012,4.78000021,1,16,238
4702921684,4/28/2016,9023,7.320000172,1.129999995,0.419999987,5.769999981,14,9,232
4702921684,4/29/2016,9930,8.050000191,1.059999943,0.920000017,6.070000172,12,19,267
4702921684,4/30/2016,10144,8.229999542,0.319999993,2.029999971,5.880000114,4,36,263
4702921684,05.01.16,0,0,0,0,0,0,0,0
4702921684,05.02.16,7245,5.920000076,0.379999995,1.74000001,3.75999999,5,40,195
4702921684,05.03.16,9454,7.670000076,0,0,7.670000076,0,0,313
4702921684,05.04.16,8161,6.619999886,0.340000004,0.730000019,5.539999962,4,15,251
4702921684,05.05.16,8614,6.989999771,0.670000017,0.219999999,6.090000153,8,5,241
4702921684,05.06.16,6943,5.630000114,0.079999998,0.660000026,4.869999886,1,16,207
4702921684,05.07.16,14370,11.64999962,0.370000005,2.309999943,8.970000267,5,46,439
4702921684,05.08.16,12857,10.43000031,0.680000007,6.210000038,3.539999962,9,125,192
4702921684,05.09.16,8232,6.679999828,0,0.569999993,6.099999905,0,12,253
4702921684,05.10.16,10613,8.609999657,0.079999998,1.879999995,6.650000095,1,37,262
4702921684,05.11.16,9810,7.960000038,0.779999971,2.160000086,4.980000019,10,41,235
4702921684,05.12.16,2752,2.230000019,0,0,2.230000019,0,0,68
5553957443,04.12.16,11596,7.570000172,1.370000005,0.790000021,5.409999847,19,13,277
5553957443,4/13/2016,4832,3.160000086,0,0,3.160000086,0,0,226
5553957443,4/14/2016,17022,11.11999989,4,2.450000048,4.670000076,61,41,256
5553957443,4/15/2016,16556,10.85999966,4.159999847,1.980000019,4.710000038,58,38,239
5553957443,4/16/2016,5771,3.769999981,0,0,3.769999981,0,0,288
5553957443,4/17/2016,655,0.430000007,0,0,0.430000007,0,0,46
5553957443,4/18/2016,3727,2.430000067,0,0,2.430000067,0,0,206
5553957443,4/19/2016,15482,10.10999966,4.28000021,1.659999967,4.179999828,69,28,249
5553957443,4/20/2016,2713,1.769999981,0,0,1.769999981,0,0,148
5553957443,4/21/2016,12346,8.06000042,2.950000048,2.160000086,2.960000038,47,42,177
5553957443,4/22/2016,11682,7.630000114,1.379999995,0.629999995,5.599999905,25,16,270
5553957443,4/23/2016,4112,2.690000057,0,0,2.680000067,0,0,272
5553957443,4/24/2016,1807,1.179999948,0,0,1.179999948,0,0,104
5553957443,4/25/2016,10946,7.190000057,2.930000067,0.569999993,3.690000057,51,11,201
5553957443,4/26/2016,11886,7.760000229,2.369999886,0.930000007,4.460000038,40,18,238
5553957443,4/27/2016,10538,6.880000114,1.139999986,1,4.739999771,16,16,206
5553957443,4/28/2016,11393,7.630000114,3.710000038,0.75,3.170000076,49,13,165
5553957443,4/29/2016,12764,8.329999924,2.789999962,0.639999986,4.909999847,46,15,270
5553957443,4/30/2016,1202,0.779999971,0,0,0.779999971,0,0,84
5553957443,05.01.16,5164,3.369999886,0,0,3.369999886,0,0,237
5553957443,05.02.16,9769,6.380000114,1.059999943,0.409999996,4.900000095,23,9,227
5553957443,05.03.16,12848,8.390000343,1.5,1.200000048,5.679999828,26,29,247
5553957443,05.04.16,4249,2.769999981,0,0,2.769999981,0,0,224
5553957443,05.05.16,14331,9.510000229,3.430000067,1.659999967,4.429999828,44,29,241
5553957443,05.06.16,9632,6.289999962,1.519999981,0.540000021,4.230000019,21,9,229
5553957443,05.07.16,1868,1.220000029,0,0,1.220000029,0,0,96
5553957443,05.08.16,6083,4,0.219999999,0.469999999,3.299999952,3,8,210
5553957443,05.09.16,11611,7.579999924,2.130000114,0.889999986,4.559999943,59,22,251
5553957443,05.10.16,16358,10.71000004,3.869999886,1.610000014,5.199999809,61,40,265
5553957443,05.11.16,4926,3.220000029,0,0,3.220000029,0,0,195
5553957443,05.12.16,3121,2.039999962,0.579999983,0.400000006,1.059999943,8,6,48
5577150313,04.12.16,8135,6.079999924,3.599999905,0.379999995,2.099999905,86,16,140
5577150313,4/13/2016,5077,3.789999962,0.319999993,0.219999999,3.25,15,11,144
5577150313,4/14/2016,8596,6.420000076,3.329999924,0.310000002,2.779999971,118,30,176
5577150313,4/15/2016,12087,9.079999924,3.920000076,1.600000024,3.559999943,115,54,199
5577150313,4/16/2016,14269,10.65999985,6.639999866,1.279999971,2.730000019,184,56,158
5577150313,4/17/2016,12231,9.140000343,5.980000019,0.829999983,2.319999933,200,37,159
5577150313,4/18/2016,9893,7.389999866,4.860000134,0.720000029,1.820000052,114,32,130
5577150313,4/19/2016,12574,9.420000076,7.019999981,0.639999986,1.75999999,108,23,111
5577150313,4/20/2016,8330,6.21999979,4.119999886,0.340000004,1.75999999,87,16,113
5577150313,4/21/2016,10830,8.090000153,3.650000095,1.659999967,2.779999971,110,74,175
5577150313,4/22/2016,9172,6.849999905,2.420000076,0.790000021,3.299999952,62,30,200
5577150313,4/23/2016,7638,5.710000038,1.210000038,0.360000014,4.139999866,24,24,223
5577150313,4/24/2016,15764,11.77999973,7.650000095,2.150000095,1.980000019,210,65,141
5577150313,4/25/2016,6393,4.78000021,1.350000024,0.670000017,2.75999999,61,38,214
5577150313,4/26/2016,5325,3.980000019,0.850000024,0.649999976,2.470000029,38,32,181
5577150313,4/27/2016,6805,5.139999866,1.809999943,0.400000006,2.930000067,63,16,190
5577150313,4/28/2016,9841,7.429999828,3.25,1.169999957,3.00999999,99,51,141
5577150313,4/29/2016,7924,5.920000076,2.839999914,0.610000014,2.470000029,97,36,165
5577150313,4/30/2016,12363,9.239999771,5.829999924,0.790000021,2.609999895,207,45,163
5577150313,05.01.16,13368,9.989999771,5.309999943,1.440000057,3.24000001,194,72,178
5577150313,05.02.16,7439,5.559999943,1.120000005,0.349999994,4.070000172,37,20,235
5577150313,05.03.16,11045,8.25,4.519999981,0.150000006,3.569999933,97,8,212
5577150313,05.04.16,5206,3.890000105,1.559999943,0.25,2.079999924,25,9,141
5577150313,05.05.16,7550,5.639999866,2.5,0.469999999,2.670000076,45,21,143
5577150313,05.06.16,4950,3.700000048,1.929999948,0.319999993,1.450000048,41,16,79
5577150313,05.07.16,0,0,0,0,0,0,0,0
5577150313,05.08.16,0,0,0,0,0,0,0,0
5577150313,05.09.16,3421,2.559999943,1.429999948,0.140000001,0.99000001,34,11,70
5577150313,05.10.16,8869,6.650000095,2.559999943,0.75,3.349999905,104,37,194
5577150313,05.11.16,4038,3.039999962,1.830000043,0.300000012,0.889999986,45,15,63
6117666160,04.12.16,0,0,0,0,0,0,0,0
6117666160,4/13/2016,0,0,0,0,0,0,0,0
6117666160,4/14/2016,0,0,0,0,0,0,0,0
6117666160,4/15/2016,14019,10.59000015,0,0.280000001,10.30000019,0,6,513
6117666160,4/16/2016,14450,10.90999985,0.579999983,0.850000024,9.479999542,7,15,518
6117666160,4/17/2016,7150,5.400000095,0,0,5.400000095,0,0,312
6117666160,4/18/2016,5153,3.910000086,0,0,3.890000105,0,0,241
6117666160,4/19/2016,11135,8.409999847,0,0,8.409999847,0,0,480
6117666160,4/20/2016,10449,8.020000458,2.029999971,0.479999989,5.519999981,26,10,349
6117666160,4/21/2016,19542,15.01000023,0.980000019,0.400000006,5.619999886,11,19,294
6117666160,4/22/2016,8206,6.199999809,0,0,6.199999809,0,0,402
6117666160,4/23/2016,11495,8.680000305,0,0,8.680000305,0,0,512
6117666160,4/24/2016,7623,5.760000229,0,0,5.760000229,0,0,362
6117666160,4/25/2016,,0,0,0,0,0,0,0
6117666160,4/26/2016,9543,7.210000038,0,0.340000004,6.869999886,0,7,352
6117666160,4/27/2016,9411,7.110000134,0,0,7.110000134,0,0,458
6117666160,4/28/2016,,2.599999905,0,0,2.599999905,0,0,141
6117666160,4/29/2016,9592,7.239999771,0,0,7.239999771,0,0,461
6117666160,4/30/2016,6987,5.28000021,0,0,5.28000021,0,0,343
6117666160,05.01.16,8915,6.730000019,0,0,6.730000019,0,0,397
6117666160,05.02.16,4933,3.730000019,0,0,3.730000019,0,0,236
6117666160,05.03.16,,0,0,0,0,0,0,0
6117666160,05.04.16,2997,2.25999999,0,0,2.25999999,0,0,156
6117666160,05.05.16,9799,7.400000095,0,0,7.400000095,0,0,487
6117666160,05.06.16,3365,2.680000067,0,0,2.680000067,0,0,133
6117666160,05.07.16,7336,5.539999962,0,0,5.539999962,0,0,412
6117666160,05.08.16,,5.53000021,0,0,5.53000021,0,0,318
6117666160,05.09.16,4477,3.380000114,0,0,3.380000114,0,0,197
6290855005,04.12.16,4562,3.450000048,0,0,3.450000048,0,0,199
6290855005,4/13/2016,7142,5.400000095,0,0,5.389999866,0,0,350
6290855005,4/14/2016,7671,5.800000191,0,0,5.769999981,0,0,363
6290855005,4/15/2016,9501,7.179999828,0,0,7.170000076,0,0,328
6290855005,4/16/2016,8301,6.28000021,0,0,6.269999981,0,0,258
6290855005,4/17/2016,7851,5.940000057,1.139999986,0.790000021,4,31,12,225
6290855005,4/18/2016,6885,5.210000038,0,0,5.190000057,0,0,271
6290855005,4/19/2016,7142,5.400000095,0,0,5.389999866,0,0,321
6290855005,4/20/2016,6361,4.809999943,0,0,4.800000191,0,0,258
6290855005,4/21/2016,0,0,0,0,0,0,0,0
6290855005,4/22/2016,6238,4.71999979,0,0,4.71999979,0,0,302
6290855005,4/23/2016,0,0,0,0,0,33,0,0
6290855005,4/24/2016,5896,4.460000038,0,0,4.460000038,0,0,258
6290855005,4/25/2016,7802,5.900000095,0.680000007,0.180000007,5.03000021,8,3,249
6290855005,4/26/2016,0,0,0,0,0,0,0,0
6290855005,4/27/2016,5565,4.210000038,0,0,4.179999828,0,0,287
6290855005,4/28/2016,5731,4.329999924,0,0,4.329999924,0,0,255
6290855005,4/29/2016,0,0,0,0,0,0,0,0
6290855005,4/30/2016,6744,5.099999905,0,0,5.090000153,0,0,324
6290855005,05.01.16,9837,7.440000057,0.660000026,2.75,4,8,95,282
6290855005,05.02.16,6781,5.130000114,0,0,5.110000134,0,0,268
6290855005,05.03.16,6047,4.570000172,0,0,4.570000172,0,0,240
6290855005,05.04.16,5832,4.409999847,0,0,4.400000095,0,0,272
6290855005,05.05.16,6339,4.789999962,0,0,4.789999962,0,0,239
6290855005,05.06.16,6116,4.619999886,0,0,4.590000153,0,0,305
6290855005,05.07.16,5510,4.170000076,0,0,4.159999847,0,0,227
6290855005,05.08.16,7706,5.829999924,0,0,5.820000172,0,0,251
6290855005,05.09.16,6277,4.75,0,0,4.730000019,0,0,264
6290855005,05.10.16,0,0,0,0,0,0,0,0
6775888955,04.12.16,0,0,0,0,0,0,0,0
6775888955,4/13/2016,4053,2.910000086,1.110000014,0.579999983,1.220000029,17,18,85
6775888955,4/14/2016,5162,3.700000048,0.870000005,0.860000014,1.970000029,14,24,105
6775888955,4/15/2016,1282,0.920000017,0,0,0.920000017,0,0,58
6775888955,4/16/2016,4732,3.390000105,2.519999981,0.810000002,0.059999999,36,18,9
6775888955,4/17/2016,2497,1.789999962,0.349999994,1.129999995,0.310000002,5,24,19
6775888955,4/18/2016,8294,5.949999809,2,0.769999981,3.170000076,30,31,146
6775888955,4/19/2016,0,0,0,0,0,0,0,0
6775888955,4/20/2016,10771,7.71999979,3.769999981,1.74000001,2.220000029,70,113,178
6775888955,4/21/2016,0,0,0,0,0,0,0,0
6775888955,4/22/2016,637,0.460000008,0,0,0.460000008,0,0,20
6775888955,4/23/2016,0,0,0,0,0,0,0,0
6775888955,4/24/2016,2153,1.539999962,0.769999981,0.620000005,0.150000006,11,18,11
6775888955,4/25/2016,6474,4.639999866,2.269999981,0.460000008,1.899999976,33,13,92
6775888955,4/26/2016,7091,5.269999981,3.480000019,0.870000005,0.730000019,42,30,47
6775888955,4/27/2016,0,0,0,0,0,0,0,0
6775888955,4/28/2016,703,0.5,0.059999999,0.200000003,0.239999995,2,13,15
6775888955,4/29/2016,,0,0,0,0,0,0,0
6775888955,4/30/2016,2503,1.789999962,0.159999996,0.159999996,1.480000019,3,9,84
6775888955,05.01.16,2487,1.779999971,0.479999989,0.620000005,0.680000007,9,34,50
6775888955,05.02.16,,0,0,0,0,0,0,0
6775888955,05.03.16,,0.01,0,0,0.01,0,0,1
6775888955,05.04.16,,0,0,0,0,0,0,0
6775888955,05.05.16,,0,0,0,0,0,0,0
6775888955,05.06.16,4697,3.369999886,0.469999999,0.930000007,1.929999948,12,35,75
6775888955,05.07.16,1967,1.409999967,0.129999995,0.239999995,1.049999952,2,5,49
6962181067,04.12.16,10199,6.739999771,3.400000095,0.829999983,2.50999999,50,14,189
6962181067,4/13/2016,5652,3.74000001,0.569999993,1.210000038,1.960000038,8,24,142
6962181067,4/14/2016,1551,1.029999971,0,0,1.029999971,0,0,86
6962181067,4/15/2016,5563,3.680000067,0,0,3.680000067,0,0,217
6962181067,4/16/2016,13217,8.739999771,3.660000086,0.189999998,4.880000114,50,3,280
6962181067,4/17/2016,10145,6.710000038,0.330000013,0.680000007,5.690000057,5,13,295
6962181067,4/18/2016,11404,7.539999962,0.829999983,2.390000105,4.320000172,13,42,238
6962181067,4/19/2016,10742,7.099999905,2.099999905,2.130000114,2.869999886,35,41,195
6962181067,4/20/2016,13928,9.550000191,4.28000021,0.189999998,5.090000153,48,4,297
6962181067,4/21/2016,11835,9.710000038,3.99000001,2.099999905,3.50999999,53,27,214
6962181067,4/22/2016,10725,7.090000153,1.769999981,1.549999952,3.769999981,30,33,240
6962181067,4/23/2016,20031,13.23999977,4.199999809,2,7.039999962,58,41,347
6962181067,4/24/2016,5029,3.319999933,0,0,3.319999933,0,0,199
6962181067,4/25/2016,13239,9.270000458,3.019999981,1.679999948,4.460000038,35,31,282
6962181067,4/26/2016,10433,6.900000095,2.579999924,0.419999987,3.900000095,36,7,254
6962181067,4/27/2016,10320,6.820000172,0.550000012,2.019999981,4.25,7,38,279
6962181067,4/28/2016,12627,8.350000381,2.50999999,0.239999995,5.590000153,38,8,288
6962181067,4/29/2016,10762,7.110000134,0.819999993,0.479999989,5.809999943,12,15,369
6962181067,4/30/2016,10081,6.659999847,2.24000001,0.75999999,3.670000076,32,16,237
6962181067,05.01.16,5454,3.609999895,0,0,3.609999895,0,0,215
6962181067,05.02.16,12912,8.539999962,1.200000048,2,5.340000153,18,39,313
6962181067,05.03.16,12109,8.119999886,1.74000001,2.039999962,4.329999924,21,36,267
6962181067,05.04.16,10147,6.710000038,0.469999999,1.679999948,4.550000191,15,36,284
6962181067,05.05.16,10524,6.960000038,0.99000001,1.159999967,4.809999943,14,22,305
6962181067,05.06.16,5908,3.910000086,0,0,3.910000086,0,0,299
6962181067,05.07.16,6815,4.5,0,0,4.5,0,0,328
6962181067,05.08.16,4188,2.769999981,0,0.519999981,2.25,0,14,151
6962181067,05.09.16,12342,8.720000267,3.900000095,1.179999948,3.650000095,43,21,231
6962181067,05.10.16,15448,10.21000004,3.470000029,1.75,4.989999771,62,34,275
6962181067,05.11.16,6722,4.440000057,1.49000001,0.310000002,2.650000095,24,7,199
6962181067,05.12.16,3587,2.369999886,0,0.25,2.109999895,0,8,105
7007744171,04.12.16,14172,10.28999996,4.5,0.379999995,5.409999847,53,8,355
7007744171,4/13/2016,12862,9.649999619,4.610000134,0.560000002,4.480000019,56,22,261
7007744171,4/14/2016,11179,8.239999771,2.950000048,0.340000004,4.960000038,34,6,304
7007744171,4/15/2016,5273,3.529999971,0,0,3.529999971,0,0,202
7007744171,4/16/2016,4631,3.099999905,0,0,3.099999905,0,0,203
7007744171,4/17/2016,8059,5.389999866,0,0,5.389999866,0,0,305
7007744171,4/18/2016,14816,10.97999954,3.789999962,2.119999886,5.050000191,48,31,284
7007744171,4/19/2016,14194,10.47999954,4.409999847,0.75999999,5.309999943,53,17,304
7007744171,4/20/2016,15566,11.31000042,4.789999962,0.670000017,5.860000134,60,33,347
7007744171,4/21/2016,13744,9.18999958,2.150000095,1.870000005,5.170000076,30,34,327
7007744171,4/22/2016,15299,10.23999977,4.099999905,1.75999999,4.369999886,64,50,261
7007744171,4/23/2016,8093,5.409999847,0.129999995,1.129999995,4.150000095,2,25,223
7007744171,4/24/2016,11085,7.420000076,0,0,7.420000076,0,0,419
7007744171,4/25/2016,18229,13.34000015,4.309999943,1.370000005,7.670000076,51,24,379
7007744171,4/26/2016,15090,10.10000038,0.930000007,0.939999998,8.229999542,16,22,424
7007744171,4/27/2016,13541,10.22000027,4.269999981,0.660000026,5.289999962,50,12,337
7007744171,4/28/2016,15128,10.11999989,1.090000033,0.769999981,8.260000229,16,16,401
7007744171,4/29/2016,20067,14.30000019,4.309999943,2.049999952,7.949999809,55,42,382
7007744171,4/30/2016,3761,2.519999981,0,0,2.519999981,0,0,200
7007744171,05.01.16,5600,3.75,0,0,3.75,0,0,237
7007744171,05.02.16,13041,9.180000305,4.639999866,0.699999988,3.829999924,64,14,250
7007744171,05.03.16,14510,10.86999989,4.480000019,1.019999981,5.360000134,58,31,330
7007744171,05.04.16,0,0,0,0,0,0,0,0
7007744171,05.05.16,15010,11.10000038,4.329999924,1.289999962,5.480000019,53,23,317
7007744171,05.06.16,11459,7.670000076,3,0.810000002,3.859999895,44,13,247
7007744171,05.07.16,0,0,0,0,0,0,0,0
7086361926,04.12.16,11317,8.409999847,5.269999981,0.150000006,2.970000029,59,6,153
7086361926,4/13/2016,5813,3.619999886,0.560000002,0.209999993,2.839999914,31,26,155
7086361926,4/14/2016,9123,6.119999886,2.029999971,0.330000013,3.660000086,35,32,189
7086361926,4/15/2016,8585,5.670000076,2.039999962,1.110000014,2.529999971,30,21,139
7086361926,4/16/2016,,0.01,0,0,0.01,0,0,3
7086361926,4/17/2016,,0,0,0,0,0,0,0
7086361926,4/18/2016,9827,6.710000038,3.170000076,1.220000029,2.309999943,61,51,114
7086361926,4/19/2016,10688,7.289999962,3.529999971,1.230000019,2.50999999,67,69,124
7086361926,4/20/2016,14365,10.64000034,7.639999866,0.449999988,2.539999962,87,13,145
7086361926,4/21/2016,9469,6.179999828,1.360000014,0.300000012,4.510000229,19,6,206
7086361926,4/22/2016,9753,6.53000021,2.869999886,0.970000029,2.670000076,58,59,153
7086361926,4/23/2016,2817,1.809999943,0,0,1.799999952,0,0,90
7086361926,4/24/2016,3520,2.160000086,0,0,2.150000095,0,0,125
7086361926,4/25/2016,10091,6.820000172,3.75,0.699999988,2.369999886,69,39,129
7086361926,4/26/2016,10387,7.070000172,4.159999847,0.769999981,2.119999886,70,33,132
7086361926,4/27/2016,11107,8.340000153,5.630000114,0.180000007,2.529999971,55,6,145
7086361926,4/28/2016,11584,7.800000191,2.789999962,1.639999986,3.359999895,54,48,161
7086361926,4/29/2016,7881,4.949999809,0.49000001,0.449999988,4,24,36,182
7086361926,4/30/2016,14560,9.409999847,3.119999886,1.039999962,5.239999771,42,17,308
7086361926,05.01.16,12390,8.069999695,2.299999952,0.899999976,4.849999905,30,15,258
7086361926,05.02.16,10052,6.809999943,3.480000019,0.660000026,2.660000086,66,26,139
7086361926,05.03.16,10288,6.760000229,2.74000001,0.850000024,3.160000086,57,36,152
7086361926,05.04.16,10988,8.31000042,5.28000021,0.119999997,2.900000095,45,12,135
7086361926,05.05.16,8564,5.599999905,1.779999971,0.829999983,2.950000048,24,14,149
7086361926,05.06.16,12461,8.380000114,3.819999933,1.429999948,3.119999886,84,35,154
7086361926,05.07.16,12827,8.479999542,1.460000038,2.329999924,4.679999828,20,42,209
7086361926,05.08.16,10677,7.099999905,2.309999943,1.529999971,3.25,32,27,147
7086361926,05.09.16,13566,9.109999657,4.260000229,1.710000038,3.119999886,67,50,171
7086361926,05.10.16,14433,10.78999996,7.110000134,1.200000048,2.450000048,72,23,106
7086361926,05.11.16,9572,6.519999981,2.890000105,1.389999986,2.230000019,57,40,128
7086361926,05.12.16,3789,2.559999943,0.379999995,0.270000011,1.889999986,5,4,58
8053475328,04.12.16,18060,14.11999989,11.64000034,0.389999986,2.099999905,116,8,123
8053475328,4/13/2016,16433,13.35000038,10.43000031,0.469999999,2.450000048,95,12,156
8053475328,4/14/2016,20159,15.97000027,12.34000015,0.209999993,3.359999895,119,5,193
8053475328,4/15/2016,20669,16.23999977,13.26000023,0.389999986,2.589999914,132,8,158
8053475328,4/16/2016,14549,11.10999966,9.359999657,0.270000011,1.49000001,96,6,83
8053475328,4/17/2016,18827,13.68999958,9.239999771,0.800000012,3.640000105,111,21,195
8053475328,4/18/2016,17076,12.65999985,9.079999924,0.230000004,3.349999905,102,6,195
8053475328,4/19/2016,15929,12.47999954,9.220000267,0.310000002,2.950000048,90,7,191
8053475328,4/20/2016,15108,12.18999958,9.579999924,0.230000004,2.380000114,89,5,158
8053475328,4/21/2016,16057,12.51000023,9.670000076,0.25,2.579999924,100,6,170
8053475328,4/22/2016,10520,8.289999962,6.260000229,0.150000006,1.879999995,60,3,117
8053475328,4/23/2016,22359,17.19000053,12.53999996,0.629999995,4.019999981,125,14,223
8053475328,4/24/2016,22988,17.95000076,13.13000011,1.549999952,3.25999999,129,33,182
8053475328,4/25/2016,20500,15.68999958,11.36999989,0.460000008,3.859999895,118,9,209
8053475328,4/26/2016,12685,9.619999886,6.309999943,0.200000003,3.099999905,68,5,185
8053475328,4/27/2016,12422,9.819999695,6.460000038,0.430000007,2.930000067,60,10,183
8053475328,4/28/2016,15447,12.39999962,9.670000076,0.389999986,2.349999905,90,9,153
8053475328,4/29/2016,12315,9.649999619,6.170000076,0.310000002,3.170000076,58,8,159
8053475328,4/30/2016,7135,5.590000153,2.99000001,0.059999999,2.539999962,27,1,131
8053475328,05.01.16,1170,0.850000024,0,0,0.850000024,0,0,51
8053475328,05.02.16,1969,1.429999948,0,0,1.429999948,0,0,95
8053475328,05.03.16,15484,11.89999962,8.390000343,0.930000007,2.589999914,87,22,165
8053475328,05.04.16,14581,11.14999962,8.819999695,0.400000006,1.909999967,89,8,123
8053475328,05.05.16,14990,11.51000023,8.850000381,0.449999988,2.210000038,93,9,130
8053475328,05.06.16,13953,11,9.100000381,0.689999998,1.210000038,90,15,90
8053475328,05.07.16,19769,15.67000008,12.43999958,0.879999995,2.349999905,121,20,148
8053475328,05.08.16,22026,17.64999962,13.39999962,0.589999974,3.660000086,125,14,228
8053475328,05.09.16,12465,9.380000114,6.119999886,0.569999993,2.690000057,66,12,148
8053475328,05.10.16,14810,11.35999966,9.090000153,0.419999987,1.850000024,96,10,115
8053475328,05.11.16,12209,9.399999619,6.079999924,0.280000001,3.039999962,60,7,184
8053475328,05.12.16,4998,3.910000086,2.950000048,0.200000003,0.75999999,28,4,39
8253242879,04.12.16,9033,7.159999847,5.429999828,0.140000001,1.590000033,40,2,154
8253242879,4/13/2016,8053,6.099999905,4.170000076,0.629999995,1.309999943,35,11,96
8253242879,4/14/2016,5234,3.460000038,1.929999948,0.99000001,0.540000021,29,16,33
8253242879,4/15/2016,2672,1.769999981,0,0,1.75999999,0,0,105
8253242879,4/16/2016,9256,6.139999866,0.430000007,3.269999981,2.450000048,6,51,115
8253242879,4/17/2016,10204,7.909999847,5.429999828,0.150000006,2.329999924,41,5,157
8253242879,4/18/2016,5151,3.480000019,1.039999962,0.629999995,1.799999952,16,16,130
8253242879,4/19/2016,4212,2.779999971,0,0,2.779999971,0,0,164
8253242879,4/20/2016,6466,4.269999981,0.330000013,0.819999993,3.109999895,5,18,216
8253242879,4/21/2016,11268,8.56000042,5.880000114,0.930000007,1.75,49,20,172
8253242879,4/22/2016,2824,1.870000005,0,0,1.870000005,0,0,120
8253242879,4/23/2016,9282,6.260000229,2.089999914,1.039999962,3.130000114,30,26,191
8253242879,4/24/2016,8905,7.130000114,5.599999905,0.189999998,1.340000033,41,4,82
8253242879,4/25/2016,6829,4.510000229,0.360000014,2.390000105,1.769999981,7,54,118
8253242879,4/26/2016,4562,3.039999962,1.179999948,0.49000001,1.370000005,19,14,108
8253242879,4/27/2016,10232,8.180000305,6.239999771,0.230000004,1.700000048,45,5,104
8253242879,4/28/2016,2718,1.799999952,0.670000017,0.779999971,0.340000004,11,16,20
8253242879,4/29/2016,6260,4.260000229,1.289999962,0.540000021,2.400000095,16,14,136
8253242879,4/30/2016,,0,0,0,0,0,0,0
8378563200,04.12.16,7626,6.050000191,0.829999983,0.709999979,4.5,65,15,156
8378563200,4/13/2016,12386,9.819999695,4.960000038,0.649999976,4.210000038,116,14,169
8378563200,4/14/2016,13318,10.56000042,5.619999886,1.029999971,3.910000086,123,21,174
8378563200,4/15/2016,14461,11.47000027,4.909999847,1.149999976,5.409999847,60,23,190
8378563200,4/16/2016,11207,8.890000343,5.369999886,1.070000052,2.440000057,64,21,142
8378563200,4/17/2016,2132,1.690000057,0,0,1.690000057,0,0,93
8378563200,4/18/2016,13630,10.81000042,5.050000191,0.560000002,5.199999809,117,10,174
8378563200,4/19/2016,13070,10.35999966,5.300000191,0.879999995,4.179999828,120,19,154
8378563200,4/20/2016,9388,7.440000057,2.230000019,0.439999998,4.78000021,82,8,169
8378563200,4/21/2016,15148,12.01000023,6.900000095,0.819999993,4.289999962,137,16,145
8378563200,4/22/2016,12200,9.670000076,4.909999847,0.589999974,4.179999828,113,12,159
8378563200,4/23/2016,5709,4.53000021,1.519999981,0.519999981,2.480000019,19,10,136
8378563200,4/24/2016,3703,2.940000057,0,0,2.940000057,0,0,135
8378563200,4/25/2016,12405,9.840000153,5.050000191,0.870000005,3.920000076,117,16,141
8378563200,4/26/2016,16208,12.85000038,7.510000229,0.920000017,4.420000076,90,18,161
8378563200,4/27/2016,7359,5.840000153,0.330000013,0.180000007,5.329999924,4,4,192
8378563200,4/28/2016,5417,4.300000191,0.899999976,0.49000001,2.910000086,11,10,139
8378563200,4/29/2016,6175,4.900000095,0.25,0.360000014,4.269999981,3,7,172
8378563200,4/30/2016,2946,2.339999914,0,0,2.339999914,0,0,121
8378563200,05.01.16,11419,9.06000042,6.03000021,0.560000002,2.470000029,71,10,127
8378563200,05.02.16,6064,4.809999943,0.629999995,0.170000002,4.010000229,63,4,142
8378563200,05.03.16,8712,6.909999847,1.340000033,1.059999943,4.5,71,20,195
8378563200,05.04.16,7875,6.239999771,1.559999943,0.49000001,4.199999809,19,10,167
8378563200,05.05.16,8567,6.789999962,0.889999986,0.159999996,5.739999771,66,3,214
8378563200,05.06.16,7045,5.590000153,1.549999952,0.25,3.779999971,74,5,166
8378563200,05.07.16,4468,3.539999962,0,0,3.539999962,0,0,158
8378563200,05.08.16,2943,2.329999924,0,0,2.329999924,0,0,139
8378563200,05.09.16,8382,6.650000095,1.269999981,0.660000026,4.71999979,71,13,171
8378563200,05.10.16,6582,5.21999979,0.660000026,0.639999986,3.920000076,63,13,152
8378563200,05.11.16,,7.25,1.389999986,0.589999974,5.269999981,72,10,184
8378563200,05.12.16,4561,3.619999886,0.649999976,0.270000011,2.690000057,8,6,102
8583815059,04.12.16,5014,3.910000086,0,0.330000013,3.579999924,0,7,196
8583815059,4/13/2016,5571,4.349999905,0.150000006,0.970000029,3.230000019,2,23,163
8583815059,4/14/2016,3135,2.450000048,0,0,2.430000067,0,0,134
8583815059,4/15/2016,3430,2.680000067,0,0,0.899999976,0,0,65
8583815059,4/16/2016,5319,4.150000095,0,0,0,0,0,0
8583815059,4/17/2016,,2.349999905,0,0,0,0,0,0
8583815059,4/18/2016,3864,3.00999999,0.310000002,1.059999943,1.350000024,4,22,105
8583815059,4/19/2016,5697,4.440000057,0.529999971,0.479999989,3.440000057,7,10,166
8583815059,4/20/2016,5273,4.110000134,0,1.039999962,3.069999933,0,27,167
8583815059,4/21/2016,8538,6.659999847,2.630000114,1.019999981,3.00999999,35,18,158
8583815059,4/22/2016,8687,6.78000021,0.289999992,2.410000086,4.079999924,4,54,212
8583815059,4/23/2016,9423,7.349999905,0.529999971,2.029999971,4.75,7,44,238
8583815059,4/24/2016,8286,6.460000038,0.150000006,2.049999952,4.269999981,2,44,206
8583815059,4/25/2016,4503,3.50999999,1.470000029,0.239999995,1.809999943,18,6,122
8583815059,4/26/2016,10499,8.18999958,0.07,4.21999979,3.890000105,1,91,214
8583815059,4/27/2016,12474,9.729999542,6.599999905,0.270000011,2.869999886,77,5,129
8583815059,4/28/2016,6174,4.820000172,0,1.200000048,3.609999895,0,28,203
8583815059,4/29/2016,15168,11.82999992,3.900000095,3,4.920000076,46,67,258
8583815059,4/30/2016,10085,7.869999886,0.150000006,1.279999971,6.429999828,2,28,317
8583815059,05.01.16,4512,3.519999981,0.779999971,0.119999997,2.039999962,10,2,117
8583815059,05.02.16,8469,6.610000134,0,0,0,0,0,0
8583815059,05.03.16,12015,9.369999886,0,0,0,0,0,0
8583815059,05.04.16,3588,2.799999952,0,0,0,0,0,0
8583815059,05.05.16,12427,9.68999958,0,0,1.179999948,0,0,70
8583815059,05.06.16,5843,4.559999943,0.140000001,1.190000057,3.230000019,2,22,166
8583815059,05.07.16,6117,4.769999981,0,0,4.769999981,0,0,250
8583815059,05.08.16,9217,7.190000057,0.219999999,3.309999943,3.660000086,3,72,182
8583815059,05.09.16,9877,7.699999809,5.760000229,0.170000002,1.730000019,66,4,110
8583815059,05.10.16,8240,6.429999828,0.689999998,2.00999999,3.720000029,9,43,162
8583815059,05.11.16,8701,6.789999962,0.370000005,3.24000001,3.170000076,5,71,177
8583815059,05.12.16,0,0,0,0,0,0,0,0
8792009665,04.12.16,2564,1.639999986,0,0,1.639999986,0,0,116
8792009665,4/13/2016,1320,0.839999974,0,0,0.839999974,0,0,82
8792009665,4/14/2016,1219,0.779999971,0,0,0.779999971,0,0,84
8792009665,4/15/2016,2483,1.590000033,0,0,1.590000033,0,0,126
8792009665,4/16/2016,244,0.159999996,0,0,0.159999996,0,0,12
8792009665,4/17/2016,,0,0,0,0,0,0,0
8792009665,4/18/2016,,0,0,0,0,0,0,0
8792009665,4/19/2016,,0,0,0,0,0,0,0
8792009665,4/20/2016,3147,2.00999999,0,0.280000001,1.74000001,0,10,139
8792009665,4/21/2016,,0.090000004,0,0,0.090000004,0,0,9
8792009665,4/22/2016,4068,2.599999905,0.050000001,0.280000001,2.269999981,1,20,195
8792009665,4/23/2016,5245,3.359999895,0.159999996,0.439999998,2.75,8,45,232
8792009665,4/24/2016,400,0.25999999,0.039999999,0.050000001,0.159999996,3,8,19
8792009665,4/25/2016,,0,0,0,0,0,0,0
8792009665,4/26/2016,1321,0.850000024,0,0,0.850000024,0,0,80
8792009665,4/27/2016,1758,1.129999995,0,0,1.129999995,0,0,112
8792009665,4/28/2016,6157,3.940000057,0,0,3.940000057,0,0,310
8792009665,4/29/2016,8360,5.349999905,0.140000001,0.280000001,4.929999828,6,14,380
8792009665,4/30/2016,7174,4.590000153,0.330000013,0.360000014,3.910000086,10,20,301
8792009665,05.01.16,1619,1.039999962,0,0,1.039999962,0,0,79
8792009665,05.02.16,1831,1.169999957,0,0,1.169999957,0,0,101
8792009665,05.03.16,2421,1.549999952,0,0,1.549999952,0,0,156
8792009665,05.04.16,2283,1.460000038,0,0,1.460000038,0,0,129
8792009665,05.05.16,,0,0,0,0,0,0,0
8792009665,05.06.16,,0,0,0,0,0,0,0
8792009665,05.07.16,,0,0,0,0,0,0,0
8792009665,05.08.16,,0,0,0,0,0,0,0
8792009665,05.09.16,,0,0,0,0,0,0,0
8792009665,05.10.16,,0,0,0,0,0,0,0