ID,ActivityDate,TotalSteps,TotalDistance,VeryActiveDistance,ModeratelyActiveDistance,LightActiveDistance,VeryActiveMinutes,FairlyActiveMinutes,LightlyActiveMinutes,Calories
1503960366,12.04.16 00:00,13162,8.5,1.879999995,0.550000012,6.059999943,25,13,328,1985
1503960366,13.04.16 00:00,10735,6.96999979,1.570000052,0.689999998,4.710000038,21,19,217,
1503960366,14.04.16 00:00,10460,6.739999771,2.440000057,0.400000006,3.910000086,30,11,181,1776
1503960366,15.04.16 00:00,9762,6.28000021,2.140000105,1.25999999,2.829999924,29,34,209,1745
1503960366,16.04.16 00:00,12669,8.159999847,2.710000038,0.409999996,5.039999962,36,10,221,1863
1503960366,17.04.16 00:00,9705,6.480000019,3.190000057,0.779999971,2.50999999,38,20,164,1728
1503960366,18.04.16 00:00,13019,8.590000153,3.25,0.639999986,4.710000038,42,16,233,1921
1503960366,19.04.16 00:00,15506,9.880000114,3.529999971,1.320000052,5.03000021,50,31,264,2035
1503960366,20.04.16 00:00,10544,6.679999828,1.960000038,0.479999989,4.239999771,28,12,205,1786
1503960366,21.04.16 00:00,9819,6.340000153,1.340000033,0.349999994,4.650000095,19,8,211,1775
1503960366,22.04.16 00:00,,8.130000114,4.760000229,1.120000005,2.24000001,66,27,130,
1503960366,23.04.16 00:00,14371,9.039999962,2.809999943,0.870000005,5.360000134,41,21,262,1949
1503960366,24.04.16 00:00,10039,6.409999847,2.920000076,0.209999993,3.279999971,39,5,238,1788
1503960366,25.04.16 00:00,15355,9.800000191,5.289999962,0.569999993,3.940000057,73,14,216,2013
1503960366,26.04.16 00:00,13755,8.789999962,2.329999924,0.920000017,5.539999962,31,23,279,1970
1503960366,27.04.16 00:00,18134,12.21000004,6.400000095,0.409999996,5.409999847,78,11,243,2159
1503960366,28.04.16 00:00,13154,8.529999733,3.539999962,1.159999967,3.789999962,48,28,189,1898
1503960366,29.04.16 00:00,11181,7.150000095,1.059999943,0.5,5.579999924,16,12,243,1837
1503960366,30.04.16 00:00,14673,9.25,3.559999943,1.419999957,4.269999981,52,34,217,1947
1503960366,01.05.16 00:00,10602,6.809999943,2.289999962,1.600000024,2.920000076,33,35,246,1820
1503960366,02.05.16 00:00,14727,9.710000038,3.210000038,0.569999993,5.920000076,41,15,277,2004
1503960366,03.05.16 00:00,15103,9.659999847,3.730000019,1.049999952,4.880000114,50,24,254,1990
1503960366,04.05.16 00:00,11100,7.150000095,2.460000038,0.870000005,3.819999933,36,22,203,1819
1503960366,05.05.16 00:00,14070,8.899999619,2.920000076,1.080000043,4.880000114,45,24,250,1959
1503960366,06.05.16 00:00,12159,8.029999733,1.970000029,0.25,5.809999943,24,6,289,1896
1503960366,07.05.16 00:00,11992,7.710000038,2.460000038,2.119999886,3.130000114,37,46,175,1821
1503960366,08.05.16 00:00,10060,6.579999924,3.529999971,0.319999993,2.730000019,44,8,203,1740
1503960366,09.05.16 00:00,12022,7.71999979,3.450000048,0.529999971,3.74000001,46,11,206,1819
1503960366,10.05.16 00:00,12207,7.769999981,3.349999905,1.159999967,3.25999999,46,31,214,1859
1503960366,11.05.16 00:00,12770,8.130000114,2.559999943,1.00999999,4.550000191,36,23,251,1783
1503960366,12.05.16 00:00,,0,0,0,0,0,0,0,0
1624580081,12.04.16 00:00,,5.309999943,0,0,5.309999943,0,0,146,1432
1624580081,13.04.16 00:00,7007,4.550000191,0,0,4.550000191,0,0,148,1411
1624580081,14.04.16 00:00,9107,5.920000076,0,0,5.909999847,0,0,236,1572
1624580081,15.04.16 00:00,1510,0.980000019,0,0,0.970000029,0,0,96,1344
1624580081,16.04.16 00:00,,3.49000001,0,0,3.49000001,0,0,176,
1624580081,17.04.16 00:00,,4.059999943,1.029999971,1.519999981,1.49000001,15,22,127,1554
1624580081,18.04.16 00:00,10536,7.409999847,2.150000095,0.620000005,4.619999886,17,7,202,1604
1624580081,19.04.16 00:00,2916,1.899999976,0,0,1.899999976,0,0,141,1435
1624580081,20.04.16 00:00,4974,3.230000019,0,0,3.230000019,0,0,151,1446
1624580081,21.04.16 00:00,6349,4.130000114,0,0,4.110000134,0,0,186,1467
1624580081,22.04.16 00:00,4026,2.619999886,0,0,2.599999905,0,0,199,1470
1624580081,23.04.16 00:00,8538,5.550000191,0,0,5.539999962,0,0,227,1562
1624580081,24.04.16 00:00,6076,3.950000048,1.149999976,0.910000026,1.889999986,16,18,185,1617
1624580081,25.04.16 00:00,6497,4.21999979,0,0,4.199999809,0,0,202,1492
1624580081,26.04.16 00:00,2826,1.840000033,0,0,1.830000043,0,0,140,
1624580081,27.04.16 00:00,8367,5.440000057,1.110000014,1.870000005,2.460000038,17,36,154,1670
1624580081,28.04.16 00:00,2759,1.789999962,0,0.200000003,1.600000024,0,5,115,1401
1624580081,29.04.16 00:00,2390,1.549999952,0,0,1.549999952,0,0,150,1404
1624580081,30.04.16 00:00,6474,4.300000191,0.899999976,1.279999971,2.119999886,11,23,224,1655
1624580081,01.05.16 00:00,36019,28.03000069,21.92000008,4.190000057,1.909999967,186,63,171,2690
1624580081,02.05.16 00:00,7155,4.929999828,0.860000014,0.589999974,3.470000029,7,6,166,1497
1624580081,03.05.16 00:00,2100,1.370000005,0,0,1.340000033,0,0,96,1334
1624580081,04.05.16 00:00,2193,1.429999948,0,0,1.419999957,0,0,118,1368
1624580081,05.05.16 00:00,2470,1.610000014,0,0,1.580000043,0,0,117,1370
1624580081,06.05.16 00:00,1727,1.120000005,0,0,1.120000005,0,0,102,1341
1624580081,07.05.16 00:00,2104,1.370000005,0,0,1.370000005,0,0,182,1474
1624580081,08.05.16 00:00,3427,2.230000019,0,0,2.220000029,0,0,152,1427
1624580081,09.05.16 00:00,1732,1.129999995,0,0,1.129999995,0,0,91,1328
1624580081,10.05.16 00:00,2969,1.929999948,0,0,1.919999957,0,0,139,1393
1624580081,11.05.16 00:00,3134,2.039999962,0,0,2.039999962,0,0,112,1359
1624580081,12.05.16 00:00,2971,1.929999948,0,0,1.919999957,0,0,107,1002
1644430081,12.04.16 00:00,10694,7.769999981,0.140000001,2.299999952,5.329999924,2,51,256,3199
1644430081,13.04.16 00:00,8001,5.820000172,2.279999971,0.899999976,2.640000105,30,16,135,2902
1644430081,14.04.16 00:00,11037,8.020000458,0.360000014,2.559999943,5.099999905,5,58,252,3226
1644430081,15.04.16 00:00,5263,3.829999924,0.219999999,0.150000006,3.450000048,3,4,170,2750
1644430081,16.04.16 00:00,15300,11.11999989,4.099999905,1.879999995,5.090000153,51,42,212,3493
1644430081,17.04.16 00:00,8757,6.369999886,2.25,0.569999993,3.549999952,29,13,186,3011
1644430081,18.04.16 00:00,7132,5.190000057,1.070000052,1.669999957,2.450000048,15,33,121,2806
1644430081,19.04.16 00:00,11256,8.180000305,0.360000014,2.529999971,5.300000191,5,58,278,3300
1644430081,20.04.16 00:00,2436,1.769999981,0,0,1.75999999,0,0,125,2430
1644430081,21.04.16 00:00,1223,0.889999986,0,0,0.879999995,0,0,38,2140
1644430081,22.04.16 00:00,3673,2.670000076,0,0,2.660000086,0,0,86,2344
1644430081,23.04.16 00:00,6637,4.829999924,0,0.579999983,4.25,0,15,160,2677
1644430081,24.04.16 00:00,3321,2.410000086,0,0,2.410000086,0,0,89,2413
1644430081,25.04.16 00:00,3580,2.599999905,0.589999974,0.059999999,1.950000048,8,1,94,2497
1644430081,26.04.16 00:00,9919,7.210000038,0.800000012,1.720000029,4.690000057,11,41,223,3123
1644430081,27.04.16 00:00,3032,2.200000048,0,0,2.200000048,0,0,118,2489
1644430081,28.04.16 00:00,9405,6.840000153,0.200000003,2.319999933,4.309999943,3,53,227,3108
1644430081,29.04.16 00:00,3176,2.309999943,0,0,2.309999943,0,0,120,2498
1644430081,30.04.16 00:00,18213,13.23999977,0.629999995,3.140000105,9.460000038,9,71,402,3846
1644430081,01.05.16 00:00,6132,4.460000038,0.239999995,0.99000001,3.230000019,3,24,146,
1644430081,02.05.16 00:00,3758,2.730000019,0.07,0.310000002,2.349999905,1,7,148,2580
1644430081,03.05.16 00:00,12850,9.340000153,0.720000029,4.090000153,4.539999962,10,94,221,3324
1644430081,04.05.16 00:00,2309,1.679999948,0,0,1.659999967,0,0,52,2222
1644430081,05.05.16 00:00,4363,3.190000057,0.519999981,0.540000021,2.130000114,6,12,81,2463
1644430081,06.05.16 00:00,9787,7.119999886,0.819999993,0.270000011,6.010000229,11,6,369,3328
1644430081,07.05.16 00:00,13372,9.720000267,3.25999999,0.790000021,5.670000076,41,17,243,3404
1644430081,08.05.16 00:00,6724,4.889999866,0,0,4.880000114,0,0,295,2987
1644430081,09.05.16 00:00,6643,4.829999924,2.390000105,0.349999994,2.089999914,32,6,303,
1644430081,10.05.16 00:00,9167,6.659999847,0.879999995,0.810000002,4.96999979,12,19,155,2799
1644430081,11.05.16 00:00,1329,0.970000029,0,0,0.949999988,0,0,49,1276
1844505072,12.04.16 00:00,6697,4.429999828,0,0,4.429999828,0,0,339,2030
1844505072,13.04.16 00:00,4929,3.25999999,0,0,3.25999999,0,0,248,1860
1844505072,14.04.16 00:00,7937,5.25,0,0,5.230000019,0,0,373,2130
1844505072,15.04.16 00:00,3844,2.539999962,0,0,2.539999962,0,0,176,1725
1844505072,16.04.16 00:00,3414,2.25999999,0,0,2.25999999,0,0,147,1657
1844505072,17.04.16 00:00,4525,2.99000001,0.140000001,0.25999999,2.589999914,2,8,199,1793
1844505072,18.04.16 00:00,4597,3.039999962,0,0.479999989,2.559999943,0,12,217,1814
1844505072,19.04.16 00:00,,0.129999995,0,0,0.129999995,0,0,10,1366
1844505072,20.04.16 00:00,,0.01,0,0,0.01,0,0,1,1349
1844505072,21.04.16 00:00,8054,5.320000172,0.119999997,0.519999981,4.679999828,2,13,308,2062
1844505072,22.04.16 00:00,5372,3.549999952,0,0,3.549999952,0,0,220,1827
1844505072,23.04.16 00:00,3570,2.359999895,0,0,2.359999895,0,0,139,1645
1844505072,24.04.16 00:00,,0,0,0,0,0,0,0,1347
1844505072,25.04.16 00:00,,0,0,0,0,0,0,0,1347
1844505072,26.04.16 00:00,,0,0,0,0,0,0,0,1347
1844505072,27.04.16 00:00,,0,0,0,0,0,0,1,1348
1844505072,28.04.16 00:00,6907,4.570000172,0,0,4.559999943,0,0,302,1992
1844505072,29.04.16 00:00,4920,3.25,0,0,3.25,0,0,247,1856
1844505072,30.04.16 00:00,4014,2.670000076,0,0,2.650000095,0,0,184,1763
1844505072,01.05.16 00:00,2573,1.700000048,0,0.25999999,1.450000048,0,7,75,1541
1844505072,02.05.16 00:00,0,0,0,0,0,0,0,0,1348
1844505072,03.05.16 00:00,4059,2.680000067,0,0,2.680000067,0,0,184,1742
1844505072,04.05.16 00:00,2080,1.370000005,0,0,1.370000005,0,0,87,1549
1844505072,05.05.16 00:00,2237,1.480000019,0,0,1.480000019,0,0,120,1589
1844505072,06.05.16 00:00,44,0.029999999,0,0,0.029999999,0,0,2,1351
1844505072,07.05.16 00:00,0,0,0,0,0,0,0,0,1347
1844505072,08.05.16 00:00,0,0,0,0,0,0,0,0,1347
1844505072,09.05.16 00:00,0,0,0,0,0,0,0,0,1347
1844505072,10.05.16 00:00,0,0,0,0,0,0,0,0,1347
1844505072,11.05.16 00:00,0,0,0,0,0,0,0,0,1347
1844505072,12.05.16 00:00,0,0,0,0,0,0,0,0,665
1927972279,12.04.16 00:00,678,0.469999999,0,0,0.469999999,0,0,55,2220
1927972279,13.04.16 00:00,356,0.25,0,0,0.25,0,0,32,2151
1927972279,14.04.16 00:00,2163,1.5,0,0.400000006,1.100000024,0,9,88,2383
1927972279,15.04.16 00:00,980,0.680000007,0,0,0.680000007,0,0,51,2221
1927972279,16.04.16 00:00,0,0,0,0,0,0,0,0,2064
1927972279,17.04.16 00:00,0,0,0,0,0,0,0,0,2063
1927972279,18.04.16 00:00,244,0.170000002,0,0,0.170000002,0,0,17,2111
1927972279,19.04.16 00:00,0,0,0,0,0,0,0,0,2063
1927972279,20.04.16 00:00,0,0,0,0,0,0,0,0,2063
1927972279,21.04.16 00:00,0,0,0,0,0,0,0,0,2064
1927972279,22.04.16 00:00,149,0.100000001,0,0,0.100000001,0,0,10,2093
1927972279,23.04.16 00:00,2945,2.039999962,0,0,2.039999962,0,0,145,2499
1927972279,24.04.16 00:00,2090,1.450000048,0.07,0.239999995,1.139999986,1,6,75,2324
1927972279,25.04.16 00:00,152,0.109999999,0,0,0.109999999,0,0,12,2100
1927972279,26.04.16 00:00,3761,2.599999905,0,0,2.599999905,0,0,192,2638
1927972279,27.04.16 00:00,0,0,0,0,0,0,0,0,2063
1927972279,28.04.16 00:00,1675,1.159999967,0,0,1.159999967,0,0,95,2351
1927972279,29.04.16 00:00,0,0,0,0,0,0,0,0,2063
1927972279,30.04.16 00:00,0,0,0,0,0,0,0,0,2064
1927972279,01.05.16 00:00,,1.870000005,1.00999999,0.029999999,0.829999983,14,1,70,2411
1927972279,02.05.16 00:00,3790,2.619999886,1.159999967,0.300000012,1.159999967,16,8,94,2505
1927972279,03.05.16 00:00,1326,0.920000017,0.730000019,0,0.180000007,10,0,17,
1927972279,04.05.16 00:00,,1.24000001,0,0,1.24000001,0,0,87,2338
1927972279,05.05.16 00:00,0,0,0,0,0,0,0,0,2063
1927972279,06.05.16 00:00,2091,1.450000048,0,0,1.450000048,0,0,108,2383
1927972279,07.05.16 00:00,1510,1.039999962,0,0,1.039999962,0,0,48,2229
1927972279,08.05.16 00:00,0,0,0,0,0,0,0,0,2063
1927972279,09.05.16 00:00,0,0,0,0,0,0,0,0,2063
1927972279,10.05.16 00:00,,0,0,0,0,0,0,0,2063
1927972279,11.05.16 00:00,0,0,0,0,0,0,0,0,2063
1927972279,12.05.16 00:00,0,0,0,0,0,0,0,0,1383
2022484408,12.04.16 00:00,11875,8.340000153,3.309999943,0.769999981,4.260000229,42,14,227,2390
2022484408,13.04.16 00:00,12024,8.5,2.99000001,0.100000001,5.409999847,43,5,292,2601
2022484408,14.04.16 00:00,10690,7.5,2.480000019,0.209999993,4.820000172,32,3,257,2312
2022484408,15.04.16 00:00,,8.029999733,1.940000057,0.310000002,5.78000021,27,9,282,2525
2022484408,16.04.16 00:00,10100,7.090000153,3.150000095,0.550000012,3.390000105,41,11,151,2177
2022484408,17.04.16 00:00,15112,11.39999962,3.869999886,0.660000026,6.880000114,28,29,331,2782
2022484408,18.04.16 00:00,14131,10.06999969,3.640000105,0.119999997,6.300000191,48,3,311,2770
2022484408,19.04.16 00:00,11548,8.529999733,3.289999962,0.239999995,5,31,7,250,2489
2022484408,20.04.16 00:00,15112,10.67000008,3.339999914,1.929999948,5.400000095,48,63,276,2897
2022484408,21.04.16 00:00,12453,8.739999771,3.329999924,1.110000014,4.309999943,104,53,255,3158
2022484408,22.04.16 00:00,,9.329999924,4.429999828,0.419999987,4.46999979,52,10,273,2638
2022484408,23.04.16 00:00,6001,4.210000038,0,0,4.210000038,0,0,249,2069
2022484408,24.04.16 00:00,13481,10.27999973,4.550000191,1.149999976,4.579999924,37,26,216,2529
2022484408,25.04.16 00:00,11369,8.010000229,3.329999924,0.219999999,4.460000038,44,8,217,2470
2022484408,26.04.16 00:00,10119,7.190000057,1.429999948,0.660000026,5.110000134,55,24,275,2793
2022484408,27.04.16 00:00,10159,7.130000114,1.039999962,0.970000029,5.119999886,19,20,282,2463
2022484408,28.04.16 00:00,10140,7.119999886,0.409999996,1.330000043,5.389999866,6,20,291,2296
2022484408,29.04.16 00:00,10245,7.190000057,0.479999989,1.210000038,5.5,21,40,281,2611
2022484408,30.04.16 00:00,18387,12.90999985,0.939999998,1.399999976,10.56999969,13,23,361,2732
2022484408,01.05.16 00:00,10538,7.400000095,1.940000057,0.959999979,4.5,25,28,245,2380
2022484408,02.05.16 00:00,10379,7.289999962,2.609999895,0.340000004,4.329999924,36,8,277,2473
2022484408,03.05.16 00:00,12183,8.739999771,3.99000001,0.460000008,4.28000021,72,14,250,2752
2022484408,04.05.16 00:00,11768,8.289999962,2.50999999,0.930000007,4.849999905,36,27,272,2649
2022484408,05.05.16 00:00,11895,8.350000381,2.789999962,0.860000014,4.699999809,55,20,253,
2022484408,06.05.16 00:00,10227,7.179999828,1.870000005,0.670000017,4.639999866,24,17,295,2498
2022484408,07.05.16 00:00,,4.710000038,1.610000014,0.079999998,3.019999981,20,2,149,1995
2022484408,08.05.16 00:00,3292,2.309999943,0,0,2.309999943,0,0,135,1848
2022484408,09.05.16 00:00,13379,9.390000343,2.119999886,1.629999995,5.639999866,35,47,297,2709
2022484408,10.05.16 00:00,12798,8.979999542,2.220000029,1.210000038,5.559999943,57,28,271,2797
2022484408,11.05.16 00:00,13272,9.319999695,4.179999828,1.149999976,3.99000001,58,25,224,2544
2022484408,12.05.16 00:00,9117,6.409999847,1.279999971,0.670000017,4.440000057,16,16,236,1853
2026352035,12.04.16 00:00,4414,2.74000001,0.189999998,0.349999994,2.200000048,3,8,181,1459
2026352035,13.04.16 00:00,4993,3.099999905,0,0,3.099999905,0,0,238,1521
2026352035,14.04.16 00:00,3335,2.069999933,0,0,2.049999952,0,0,197,1431
2026352035,15.04.16 00:00,3821,2.369999886,0,0,2.369999886,0,0,188,1444
2026352035,16.04.16 00:00,2547,1.580000043,0,0,1.580000043,0,0,150,1373
2026352035,17.04.16 00:00,838,0.519999981,0,0,0.519999981,0,0,60,1214
2026352035,18.04.16 00:00,3325,2.059999943,0,0,2.059999943,0,0,182,1419
2026352035,19.04.16 00:00,2424,1.5,0,0,1.5,0,0,141,1356
2026352035,20.04.16 00:00,7222,4.480000019,0,0,4.480000019,0,0,327,1667
2026352035,21.04.16 00:00,2467,1.529999971,0,0,1.529999971,0,0,153,1370
2026352035,22.04.16 00:00,2915,1.809999943,0,0,1.809999943,0,0,162,1399
2026352035,23.04.16 00:00,12357,7.710000038,0,0,7.710000038,0,0,432,1916
2026352035,24.04.16 00:00,3490,2.160000086,0,0,2.160000086,0,0,164,1401
2026352035,25.04.16 00:00,6017,3.730000019,0,0,3.730000019,0,0,260,1576
2026352035,26.04.16 00:00,5933,3.680000067,0,0,3.680000067,0,0,288,1595
2026352035,27.04.16 00:00,6088,3.769999981,0,0,3.769999981,0,0,286,1593
2026352035,28.04.16 00:00,6375,3.950000048,0,0,3.950000048,0,0,331,1649
2026352035,29.04.16 00:00,7604,4.710000038,0,0,4.710000038,0,0,352,1692
2026352035,30.04.16 00:00,4729,2.930000067,0,0,2.930000067,0,0,233,1506
2026352035,01.05.16 00:00,3609,2.279999971,0,0,2.279999971,0,0,191,1447
2026352035,02.05.16 00:00,7018,4.349999905,0,0,4.349999905,0,0,355,1690
2026352035,03.05.16 00:00,5992,3.720000029,0,0,3.720000029,0,0,304,1604
2026352035,04.05.16 00:00,6564,4.070000172,0,0,4.070000172,0,0,345,1658
2026352035,05.05.16 00:00,12167,7.539999962,0,0,7.539999962,0,0,475,1926
2026352035,06.05.16 00:00,8198,5.079999924,0,0,5.079999924,0,0,383,1736
2026352035,07.05.16 00:00,4193,2.599999905,0,0,2.599999905,0,0,229,1491
2026352035,08.05.16 00:00,5528,3.450000048,0,0,3.450000048,0,0,258,1555
2026352035,09.05.16 00:00,10685,6.619999886,0,0,6.599999905,0,0,401,1869
2026352035,10.05.16 00:00,254,0.159999996,0,0,0.159999996,0,0,17,1141
2026352035,11.05.16 00:00,8580,5.320000172,0,0,5.320000172,0,0,330,1698
2026352035,12.05.16 00:00,8891,5.510000229,0,0,5.510000229,0,0,343,1364
2320127002,12.04.16 00:00,10725,7.489999771,1.169999957,0.310000002,6.010000229,13,9,306,2124
2320127002,13.04.16 00:00,7275,4.900000095,0,0,4.900000095,0,0,335,2003
2320127002,14.04.16 00:00,3973,2.680000067,0,0,2.680000067,0,0,191,
2320127002,15.04.16 00:00,5205,3.50999999,0,0,3.50999999,0,0,245,1801
2320127002,16.04.16 00:00,5057,3.410000086,0,0,3.400000095,0,0,195,1724
2320127002,17.04.16 00:00,6198,4.179999828,0,0,4.179999828,0,0,249,1852
2320127002,18.04.16 00:00,6559,4.420000076,0,0.25999999,4.139999866,0,7,260,1905
2320127002,19.04.16 00:00,5997,4.039999962,0,0.379999995,3.660000086,0,11,228,1811
2320127002,20.04.16 00:00,7192,4.849999905,0,0.49000001,4.340000153,0,11,283,1922
2320127002,21.04.16 00:00,3404,2.289999962,0.059999999,0.419999987,1.809999943,1,10,127,1610
2320127002,22.04.16 00:00,5583,3.75999999,0,0,3.75999999,0,0,266,
2320127002,23.04.16 00:00,,3.420000076,0,0,3.420000076,0,0,242,1804
2320127002,24.04.16 00:00,4165,2.809999943,0,0,2.799999952,0,0,204,1725
2320127002,25.04.16 00:00,3588,2.420000076,0.230000004,0.200000003,1.99000001,3,5,152,1654
2320127002,26.04.16 00:00,,2.299999952,0,0,2.299999952,0,0,147,1632
2320127002,27.04.16 00:00,1715,1.159999967,0,0,1.159999967,0,0,82,1481
2320127002,28.04.16 00:00,1532,1.029999971,0,0,1.029999971,0,0,76,1473
2320127002,29.04.16 00:00,924,0.620000005,0,0,0.620000005,0,0,45,1410
2320127002,30.04.16 00:00,4571,3.079999924,0,0,3.069999933,0,0,234,1779
2320127002,01.05.16 00:00,772,0.519999981,0,0,0.519999981,0,0,40,
2320127002,02.05.16 00:00,3634,2.450000048,0.360000014,0.209999993,1.879999995,5,6,123,1613
2320127002,03.05.16 00:00,,5.019999981,1.49000001,0.370000005,3.160000086,20,10,206,1878
2320127002,04.05.16 00:00,,0.810000002,0,0,0.810000002,0,0,52,
2320127002,05.05.16 00:00,,3.50999999,0,0.389999986,3.109999895,0,11,223,
2320127002,06.05.16 00:00,,3.289999962,0,0,3.289999962,0,0,204,
2320127002,07.05.16 00:00,7379,4.96999979,0,0,4.96999979,0,0,319,1972
2320127002,08.05.16 00:00,5161,3.480000019,0,0,3.470000029,0,0,247,1821
2320127002,09.05.16 00:00,3090,2.079999924,0,0,2.079999924,0,0,145,1630
2320127002,10.05.16 00:00,,4.199999809,0,0,4.199999809,0,0,290,1899
2320127002,11.05.16 00:00,6424,4.329999924,0,0,4.329999924,0,0,300,1903
2320127002,12.05.16 00:00,2661,1.789999962,0,0,1.789999962,0,0,128,1125
2347167796,12.04.16 00:00,10113,6.829999924,2,0.620000005,4.199999809,28,13,320,2344
2347167796,13.04.16 00:00,10352,7.010000229,1.659999967,1.940000057,3.410000086,19,32,195,2038
2347167796,14.04.16 00:00,10129,6.699999809,0.02,2.74000001,3.940000057,1,48,206,2010
2347167796,15.04.16 00:00,10465,6.920000076,0.07,1.419999957,5.429999828,1,24,284,2133
2347167796,16.04.16 00:00,22244,15.07999992,5.449999809,4.099999905,5.53000021,66,72,268,2670
2347167796,17.04.16 00:00,5472,3.619999886,0.079999998,0.280000001,3.25999999,1,7,249,1882
2347167796,18.04.16 00:00,8247,5.449999809,0.790000021,0.860000014,3.789999962,11,16,206,1944
2347167796,19.04.16 00:00,6711,4.440000057,0,0,4.440000057,0,7,382,2346
2347167796,20.04.16 00:00,10999,7.269999981,0.680000007,1.809999943,4.78000021,11,43,269,2198
2347167796,21.04.16 00:00,10080,6.75,1.850000024,1.529999971,3.380000114,23,26,208,2048
2347167796,22.04.16 00:00,7804,5.159999847,0.560000002,1.679999948,2.920000076,9,27,206,1946
2347167796,23.04.16 00:00,16901,11.36999989,2.779999971,1.450000048,7.150000095,32,35,360,2629
2347167796,24.04.16 00:00,9471,6.260000229,0,0,6.260000229,0,0,360,2187
2347167796,25.04.16 00:00,9482,6.380000114,1.269999981,0.519999981,4.599999905,15,11,277,2095
2347167796,26.04.16 00:00,5980,3.950000048,0,0,3.950000048,0,0,227,1861
2347167796,27.04.16 00:00,11423,7.579999924,1.860000014,0.400000006,5.320000172,26,9,295,2194
2347167796,28.04.16 00:00,5439,3.599999905,0,0,3.599999905,0,0,229,1854
2347167796,29.04.16 00:00,42,0.029999999,0,0,0.029999999,0,0,4,403
2873212765,12.04.16 00:00,8796,5.909999847,0.109999999,0.930000007,4.880000114,2,21,356,1982
2873212765,13.04.16 00:00,7618,5.119999886,0,0.219999999,4.880000114,0,8,404,2004
2873212765,14.04.16 00:00,7910,5.320000172,0,0,5.320000172,0,0,331,1893
2873212765,15.04.16 00:00,8482,5.699999809,0,0,5.690000057,0,0,448,2063
2873212765,16.04.16 00:00,9685,6.650000095,3.109999895,0.02,3.50999999,47,1,305,2148
2873212765,17.04.16 00:00,2524,1.700000048,0,0.349999994,1.340000033,0,8,160,1529
2873212765,18.04.16 00:00,7762,5.239999771,0.07,0.280000001,4.889999866,1,6,311,1890
2873212765,19.04.16 00:00,7948,5.369999886,0,0,5.360000134,0,0,389,1956
2873212765,20.04.16 00:00,9202,6.300000191,1.50999999,0.119999997,4.659999847,22,5,378,2094
2873212765,21.04.16 00:00,8859,5.980000019,0.129999995,0.370000005,5.46999979,2,10,371,1970
2873212765,22.04.16 00:00,7286,4.900000095,0.460000008,0,4.420000076,46,0,366,2241
2873212765,23.04.16 00:00,9317,6.349999905,2.089999914,0.230000004,4.019999981,28,5,330,2021
2873212765,24.04.16 00:00,6873,4.679999828,3,0.059999999,1.620000005,46,1,190,1898
2873212765,25.04.16 00:00,7373,4.949999809,0,0,4.949999809,0,0,359,1907
2873212765,26.04.16 00:00,8242,5.539999962,0.119999997,0.180000007,5.239999771,2,5,309,1882
2873212765,27.04.16 00:00,3516,2.359999895,0,0,2.359999895,46,0,197,1966
2873212765,28.04.16 00:00,7913,5.409999847,2.160000086,0.340000004,2.910000086,28,7,213,1835
2873212765,29.04.16 00:00,7365,4.949999809,1.360000014,1.409999967,2.180000067,20,23,206,1780
2873212765,30.04.16 00:00,8452,5.679999828,0.330000013,1.080000043,4.260000229,5,20,248,1830
2873212765,01.05.16 00:00,7399,4.96999979,0.49000001,1.039999962,3.440000057,7,18,196,1739
2873212765,02.05.16 00:00,7525,5.059999943,0,0.209999993,4.829999924,0,7,334,1878
2873212765,03.05.16 00:00,7412,4.980000019,0.059999999,0.25,4.659999847,1,6,363,1906
2873212765,04.05.16 00:00,8278,5.559999943,0,0,5.559999943,0,0,420,2015
2873212765,05.05.16 00:00,8314,5.610000134,0.779999971,0.800000012,4.03000021,13,23,311,1971
2873212765,06.05.16 00:00,7063,4.75,0,0.119999997,4.610000134,0,5,370,1910
2873212765,07.05.16 00:00,4940,3.380000114,2.279999971,0.550000012,0.550000012,75,11,52,1897
2873212765,08.05.16 00:00,8168,5.539999962,2.900000095,0,2.640000105,46,0,326,2096
2873212765,09.05.16 00:00,7726,5.190000057,0,0,5.190000057,0,0,345,1906
2873212765,10.05.16 00:00,8275,5.559999943,0,0,5.550000191,0,0,373,1962
2873212765,11.05.16 00:00,6440,4.329999924,0,0,4.320000172,0,0,319,1826
2873212765,12.05.16 00:00,7566,5.110000134,0,0,5.110000134,0,0,268,1431
3372868164,12.04.16 00:00,4747,3.24000001,0,0,3.230000019,0,0,280,1788
3372868164,13.04.16 00:00,9715,6.630000114,0.99000001,0.340000004,5.269999981,16,8,371,2093
3372868164,14.04.16 00:00,8844,6.03000021,0.340000004,1.029999971,4.650000095,6,25,370,2065
3372868164,15.04.16 00:00,7451,5.079999924,0,0,5.059999943,0,0,335,1908
3372868164,16.04.16 00:00,6905,4.730000019,0,0,4.699999809,0,0,356,1908
3372868164,17.04.16 00:00,8199,5.880000114,1.409999967,0.100000001,4.360000134,11,2,322,1964
3372868164,18.04.16 00:00,6798,4.639999866,1.080000043,0.200000003,3.349999905,20,7,343,2014
3372868164,19.04.16 00:00,7711,5.260000229,0,0,5.239999771,0,0,376,1985
3372868164,20.04.16 00:00,4880,3.329999924,0.839999974,0.090000004,2.380000114,15,3,274,1867
3372868164,21.04.16 00:00,8857,6.070000172,1.149999976,0.25999999,4.639999866,18,9,376,2124
3372868164,22.04.16 00:00,,2.619999886,0,0,2.609999895,0,0,206,
3372868164,23.04.16 00:00,7396,5.070000172,1.399999976,0.079999998,3.579999924,20,2,303,
3372868164,24.04.16 00:00,6731,4.590000153,0.889999986,0.189999998,3.49000001,14,7,292,
3372868164,25.04.16 00:00,5995,4.090000153,0,0,4.090000153,0,0,416,2010
3372868164,26.04.16 00:00,8283,5.789999962,1.850000024,0.050000001,3.869999886,22,2,333,2057
3372868164,27.04.16 00:00,7904,5.420000076,1.580000043,0.629999995,3.190000057,24,13,346,2095
3372868164,28.04.16 00:00,5512,3.75999999,0,0,3.75999999,0,0,385,1972
3372868164,29.04.16 00:00,9135,6.230000019,0,0,6.21999979,0,0,402,2044
3372868164,30.04.16 00:00,5250,3.579999924,1.059999943,0.090000004,2.420000076,17,4,300,1946
3372868164,01.05.16 00:00,3077,2.099999905,0,0,2.089999914,0,0,172,1237
3977333714,12.04.16 00:00,8856,5.980000019,3.059999943,0.910000026,2.00999999,44,19,131,1450
3977333714,13.04.16 00:00,10035,6.710000038,2.029999971,2.130000114,2.549999952,31,46,153,1495
3977333714,14.04.16 00:00,7641,5.110000134,0.319999993,0.970000029,3.819999933,5,23,214,1433
3977333714,15.04.16 00:00,9010,6.059999943,1.049999952,1.75,3.25999999,15,42,183,1468
3977333714,16.04.16 00:00,13459,9,2.029999971,4,2.970000029,31,83,153,1625
3977333714,17.04.16 00:00,10415,6.96999979,0.699999988,2.349999905,3.920000076,11,58,205,1529
3977333714,18.04.16 00:00,11663,7.800000191,0.25,3.730000019,3.819999933,4,95,214,
3977333714,19.04.16 00:00,12414,8.779999733,2.24000001,2.450000048,3.960000038,19,67,221,1638
3977333714,20.04.16 00:00,11658,7.829999924,0.200000003,4.349999905,3.279999971,2,98,164,1554
3977333714,21.04.16 00:00,6093,4.079999924,0,0,4.059999943,0,0,242,1397
3977333714,22.04.16 00:00,8911,5.960000038,2.329999924,0.579999983,3.059999943,33,12,188,1481
3977333714,23.04.16 00:00,12058,8.069999695,0,4.21999979,3.849999905,0,92,252,1638
3977333714,24.04.16 00:00,14112,10,3.269999981,4.559999943,2.170000076,30,95,129,1655
3977333714,25.04.16 00:00,11177,8.479999542,5.619999886,0.430000007,2.410000086,50,9,133,1570
3977333714,26.04.16 00:00,11388,7.619999886,0.449999988,4.21999979,2.950000048,7,95,170,1551
3977333714,27.04.16 00:00,7193,5.039999962,0,0.419999987,4.619999886,0,10,176,1377
3977333714,28.04.16 00:00,7114,4.880000114,1.370000005,0.289999992,3.220000029,15,8,190,1407
3977333714,29.04.16 00:00,10645,7.75,3.74000001,1.299999952,2.710000038,36,32,150,1545
3977333714,30.04.16 00:00,13238,9.199999809,3.690000057,2.099999905,3.410000086,43,52,194,1650
3977333714,01.05.16 00:00,10414,7.070000172,2.670000076,1.980000019,2.410000086,41,40,124,1501
3977333714,02.05.16 00:00,16520,11.05000019,1.539999962,6.480000019,3.019999981,24,143,176,1760
3977333714,03.05.16 00:00,14335,9.590000153,3.319999933,1.74000001,4.53000021,47,41,258,1710
3977333714,04.05.16 00:00,13559,9.43999958,1.809999943,4.579999924,2.890000105,14,96,142,1628
3977333714,05.05.16 00:00,12312,8.579999924,1.75999999,4.110000134,2.710000038,14,88,178,1618
3977333714,06.05.16 00:00,11677,8.279999733,3.109999895,2.50999999,2.670000076,29,55,168,1590
3977333714,07.05.16 00:00,11550,7.730000019,0,4.130000114,3.589999914,0,86,208,1574
3977333714,08.05.16 00:00,13585,9.090000153,0.680000007,5.239999771,3.170000076,9,116,171,1633
3977333714,09.05.16 00:00,14687,10.07999992,0.769999981,5.599999905,3.549999952,8,122,151,1667
3977333714,10.05.16 00:00,13072,8.779999733,0.07,5.400000095,3.309999943,1,115,196,1630
3977333714,11.05.16 00:00,746,0.5,0.370000005,0,0.129999995,4,0,9,52
4020332650,12.04.16 00:00,8539,6.119999886,0.150000006,0.239999995,5.679999828,4,15,331,3654
4020332650,13.04.16 00:00,,0,0,0,0,0,0,0,1981
4020332650,14.04.16 00:00,108,0.079999998,0,0,0.029999999,0,0,3,2011
4020332650,15.04.16 00:00,1882,1.350000024,0.209999993,0.360000014,0.769999981,36,18,87,2951
4020332650,16.04.16 00:00,1982,1.419999957,0.449999988,0.370000005,0.589999974,65,21,55,3051
4020332650,17.04.16 00:00,,0.01,0,0,0.01,0,0,2,1990
4020332650,18.04.16 00:00,,0.039999999,0,0,0.039999999,0,0,2,1995
4020332650,19.04.16 00:00,,0,0,0,0,0,0,0,
4020332650,20.04.16 00:00,,0,0,0,0,0,0,0,
4020332650,21.04.16 00:00,,0,0,0,0,0,0,0,
4020332650,22.04.16 00:00,,0,0,0,0,0,0,0,
4020332650,23.04.16 00:00,,0,0,0,0,0,0,0,1980
4020332650,24.04.16 00:00,,0,0,0,0,0,0,0,1980
4020332650,25.04.16 00:00,,0,0,0,0,0,0,0,1980
4020332650,26.04.16 00:00,,0,0,0,0,0,0,0,
4020332650,27.04.16 00:00,,0,0,0,0,0,0,0,1980
4020332650,28.04.16 00:00,,0,0,0,0,0,0,0,1980
4020332650,29.04.16 00:00,,0,0,0,0,0,0,0,1980
4020332650,30.04.16 00:00,,0,0,0,0,0,0,0,1980
4020332650,01.05.16 00:00,,0,0,0,0,0,0,0,1980
4020332650,02.05.16 00:00,,0.340000004,0,0.039999999,0.289999992,0,11,31,2207
4020332650,03.05.16 00:00,4496,3.220000029,0,0,3.150000095,0,0,174,2828
4020332650,04.05.16 00:00,10252,7.349999905,0.670000017,1.039999962,5.579999924,13,46,346,3879
4020332650,05.05.16 00:00,11728,8.430000305,2.619999886,1.679999948,4.039999962,38,42,196,3429
4020332650,06.05.16 00:00,4369,3.130000114,0,0,3.099999905,0,0,177,2704
4020332650,07.05.16 00:00,6132,4.400000095,0,0,3.579999924,0,0,184,2975
4020332650,08.05.16 00:00,5862,4.199999809,0,0,4.150000095,0,0,263,3089
4020332650,09.05.16 00:00,4556,3.269999981,0.200000003,0.119999997,2.940000057,3,5,173,2785
4020332650,10.05.16 00:00,5546,3.980000019,0,0,3.869999886,0,0,206,2926
4020332650,11.05.16 00:00,3689,2.650000095,0.109999999,0.170000002,2.329999924,2,8,134,2645
4020332650,12.05.16 00:00,590,0.419999987,0,0,0.409999996,0,0,21,1120
4057192912,12.04.16 00:00,5394,4.03000021,0,0,3.940000057,0,0,164,2286
4057192912,13.04.16 00:00,5974,4.46999979,0,0,4.369999886,0,0,160,2306
4057192912,14.04.16 00:00,0,0,0,0,0,0,0,0,1776
4057192912,15.04.16 00:00,3984,2.950000048,0.209999993,0.25999999,2.440000057,3,6,88,1527
4319703577,12.04.16 00:00,7753,5.199999809,0,0,0,0,0,0,2115
4319703577,13.04.16 00:00,8204,5.5,0.529999971,0.589999974,1.309999943,8,15,96,2135
4319703577,14.04.16 00:00,10210,6.880000114,0.109999999,0.330000013,6.440000057,1,9,339,2302
4319703577,15.04.16 00:00,5664,3.799999952,0,0,3.799999952,0,0,228,1985
4319703577,16.04.16 00:00,4744,3.180000067,0,0,3.180000067,0,0,194,1884
4319703577,17.04.16 00:00,29,0.02,0,0,0.02,0,0,3,1464
4319703577,18.04.16 00:00,2276,1.549999952,0.07,0.330000013,1.120000005,1,9,58,1632
4319703577,19.04.16 00:00,8925,5.989999771,0,0,5.989999771,0,0,311,2200
4319703577,20.04.16 00:00,8954,6.010000229,0,0.680000007,5.309999943,0,18,306,2220
4319703577,21.04.16 00:00,3702,2.480000019,0,0,0.349999994,0,0,34,1792
4319703577,22.04.16 00:00,4500,3.019999981,0.059999999,0.810000002,2.150000095,1,19,176,1886
4319703577,23.04.16 00:00,4935,3.309999943,0,0,3.309999943,0,0,233,1945
4319703577,24.04.16 00:00,4081,2.74000001,0.059999999,0.200000003,2.470000029,1,5,191,1880
4319703577,25.04.16 00:00,9259,6.210000038,0,0.280000001,5.929999828,0,8,390,2314
4319703577,26.04.16 00:00,9899,6.639999866,0.569999993,0.920000017,5.150000095,8,21,288,2236
4319703577,27.04.16 00:00,10780,7.230000019,0.409999996,1.919999957,4.909999847,6,47,300,2324
4319703577,28.04.16 00:00,10817,7.28000021,1.00999999,0.330000013,5.940000057,13,8,359,2367
4319703577,29.04.16 00:00,7990,5.360000134,0.449999988,0.790000021,4.119999886,6,18,289,2175
4319703577,30.04.16 00:00,8221,5.519999981,0.400000006,1.610000014,3.50999999,6,38,196,2092
4319703577,01.05.16 00:00,1251,0.839999974,0,0,0.839999974,0,0,67,
4319703577,02.05.16 00:00,9261,6.239999771,0,0.439999998,5.710000038,0,11,344,2270
4319703577,03.05.16 00:00,9648,6.46999979,0.579999983,1.070000052,4.829999924,8,26,287,2235
4319703577,04.05.16 00:00,10429,7.019999981,0.589999974,0.579999983,5.849999905,8,13,313,2282
4319703577,05.05.16 00:00,13658,9.489999771,2.630000114,1.409999967,5.449999809,27,34,328,2530
4319703577,06.05.16 00:00,9524,6.420000076,0.409999996,0.469999999,5.460000038,6,11,314,2266
4319703577,07.05.16 00:00,7937,5.329999924,0.189999998,1.049999952,4.079999924,3,28,279,2158
4319703577,08.05.16 00:00,3672,2.460000038,0,0,2.460000038,0,0,153,
4319703577,09.05.16 00:00,10378,6.960000038,0.140000001,0.560000002,6.25,2,14,374,2345
4319703577,10.05.16 00:00,9487,6.369999886,0.209999993,0.460000008,5.699999809,3,12,329,2260
4319703577,11.05.16 00:00,9129,6.130000114,0.200000003,0.74000001,5.179999828,3,18,311,2232
4319703577,12.05.16 00:00,17,0.01,0,0,0.01,0,0,2,257
4388161847,12.04.16 00:00,10122,7.78000021,0,0,0,0,0,0,2955
4388161847,13.04.16 00:00,10993,8.449999809,0.059999999,0.629999995,3.880000114,1,14,150,3092
4388161847,14.04.16 00:00,8863,6.820000172,0.129999995,1.070000052,5.619999886,10,35,219,2998
4388161847,15.04.16 00:00,8758,6.730000019,0,0,6.730000019,0,0,299,3066
4388161847,16.04.16 00:00,6580,5.059999943,0.209999993,0.400000006,4.449999809,6,9,253,3073
4388161847,17.04.16 00:00,4660,3.579999924,0,0,3.579999924,0,0,201,2572
4388161847,18.04.16 00:00,11009,9.100000381,3.559999943,0.400000006,5.139999866,27,8,239,3274
4388161847,19.04.16 00:00,10181,7.829999924,1.370000005,0.689999998,5.769999981,20,16,249,3015
4388161847,20.04.16 00:00,10553,8.119999886,1.100000024,1.720000029,5.289999962,19,42,228,3083
4388161847,21.04.16 00:00,10055,7.730000019,0.370000005,0.389999986,6.980000019,7,12,272,3069
4388161847,22.04.16 00:00,12139,9.340000153,3.299999952,1.110000014,4.920000076,77,25,220,3544
4388161847,23.04.16 00:00,13236,10.18000031,4.5,0.319999993,5.349999905,58,5,215,3306
4388161847,24.04.16 00:00,10243,7.880000114,1.080000043,0.50999999,6.300000191,14,8,239,2885
4388161847,25.04.16 00:00,12961,9.970000267,0.730000019,1.399999976,7.840000153,11,31,301,3288
4388161847,26.04.16 00:00,9461,7.28000021,0.939999998,1.059999943,5.269999981,14,23,224,2929
4388161847,27.04.16 00:00,11193,8.609999657,0.699999988,2.50999999,5.389999866,11,48,241,3074
4388161847,28.04.16 00:00,10074,7.75,1.289999962,0.430000007,6.03000021,19,9,234,2969
4388161847,29.04.16 00:00,9232,7.099999905,0.800000012,0.889999986,5.420000076,13,16,236,2979
4388161847,30.04.16 00:00,12533,9.640000343,0.699999988,2,6.940000057,14,43,300,3283
4388161847,01.05.16 00:00,10255,7.889999866,1.00999999,0.680000007,6.199999809,12,15,241,2926
4388161847,02.05.16 00:00,10096,8.399999619,3.769999981,0.079999998,4.550000191,33,4,204,3147
4388161847,03.05.16 00:00,12727,9.789999962,1.129999995,0.779999971,7.880000114,18,18,306,3290
4388161847,04.05.16 00:00,12375,9.520000458,2.789999962,0.930000007,5.800000191,35,21,251,3162
4388161847,05.05.16 00:00,9603,7.380000114,0.629999995,1.669999957,5.090000153,12,39,199,2899
4388161847,06.05.16 00:00,13175,10.13000011,2.109999895,2.089999914,5.929999828,33,45,262,3425
4388161847,07.05.16 00:00,22770,17.54000092,9.449999809,2.769999981,5.329999924,120,56,260,4022
4388161847,08.05.16 00:00,17298,14.38000011,9.890000343,1.25999999,3.230000019,107,38,178,3934
4388161847,09.05.16 00:00,10218,7.860000134,0.340000004,0.730000019,6.789999962,6,19,258,3013
4388161847,10.05.16 00:00,10299,7.920000076,0.810000002,0.649999976,6.460000038,13,14,267,3061
4388161847,11.05.16 00:00,10201,7.840000153,0.529999971,0.790000021,6.53000021,8,18,256,2954
4388161847,12.05.16 00:00,3369,2.589999914,0,0,2.589999914,0,0,108,1623
4445114986,12.04.16 00:00,3276,2.200000048,0,0,2.200000048,0,0,196,2113
4445114986,13.04.16 00:00,2961,1.99000001,0,0,1.99000001,0,0,194,2095
4445114986,14.04.16 00:00,3974,2.670000076,0,0,2.670000076,0,0,231,2194
4445114986,15.04.16 00:00,7198,4.829999924,0,0,4.829999924,0,0,350,2496
4445114986,16.04.16 00:00,3945,2.650000095,0,0,2.650000095,0,0,225,2180
4445114986,17.04.16 00:00,2268,1.519999981,0,0,1.519999981,0,0,114,1933
4445114986,18.04.16 00:00,6155,4.239999771,2,0.289999992,1.950000048,25,6,162,2248
4445114986,19.04.16 00:00,2064,1.389999986,0,0,1.389999986,0,0,121,1954
4445114986,20.04.16 00:00,2072,1.389999986,0,0,1.389999986,0,0,137,1974
4445114986,21.04.16 00:00,3809,2.559999943,0,0,2.539999962,0,0,215,2150
4445114986,22.04.16 00:00,6831,4.579999924,0,0,4.579999924,0,0,317,2432
4445114986,23.04.16 00:00,4363,2.930000067,0,0,2.930000067,0,0,201,2149
4445114986,24.04.16 00:00,5002,3.359999895,0,0,3.359999895,0,0,244,2247
4445114986,25.04.16 00:00,3385,2.269999981,0,0,2.269999981,0,0,179,2070
4445114986,26.04.16 00:00,6326,4.409999847,2.410000086,0.039999999,1.960000038,29,1,180,2291
4445114986,27.04.16 00:00,7243,5.03000021,2.619999886,0.029999999,2.380000114,32,1,194,2361
4445114986,28.04.16 00:00,4493,3.00999999,0,0,3.00999999,0,0,236,2203
4445114986,29.04.16 00:00,4676,3.140000105,0,0,3.130000114,0,0,226,2196
4445114986,30.04.16 00:00,6222,4.179999828,0,0,4.179999828,0,0,290,2363
4445114986,01.05.16 00:00,5232,3.50999999,0,0,3.50999999,0,0,240,2246
4445114986,02.05.16 00:00,6910,4.75,2.210000038,0.189999998,2.349999905,27,4,200,2336
4445114986,03.05.16 00:00,7502,5.179999828,2.480000019,0.109999999,2.579999924,30,2,233,2421
4445114986,04.05.16 00:00,2923,1.960000038,0,0,1.960000038,0,0,180,2070
4445114986,05.05.16 00:00,3800,2.549999952,0.119999997,0.239999995,2.180000067,2,6,185,2120
4445114986,06.05.16 00:00,4514,3.029999971,0,0,3.029999971,0,0,229,2211
4445114986,07.05.16 00:00,5183,3.589999914,2.130000114,0.189999998,1.25,26,4,108,
4445114986,08.05.16 00:00,7303,4.900000095,0,0.25,4.650000095,0,8,308,2423
4445114986,09.05.16 00:00,5275,3.539999962,0,0,3.539999962,0,0,266,2281
4445114986,10.05.16 00:00,3915,2.630000114,0,0,2.630000114,0,0,231,2181
4445114986,11.05.16 00:00,9105,6.110000134,2.25,1,2.859999895,34,22,232,2499
4445114986,12.05.16 00:00,768,0.519999981,0,0,0.519999981,0,0,58,1212
4558609924,12.04.16 00:00,5135,3.390000105,0,0,3.390000105,0,0,318,1909
4558609924,13.04.16 00:00,4978,3.289999962,1.24000001,0.439999998,1.610000014,19,7,127,
4558609924,14.04.16 00:00,6799,4.489999771,0,0,4.489999771,0,0,279,1922
4558609924,15.04.16 00:00,7795,5.150000095,0.589999974,0.839999974,3.730000019,17,30,262,2121
4558609924,16.04.16 00:00,7289,4.820000172,0.550000012,0.75,3.5,8,12,308,1997
4558609924,17.04.16 00:00,9634,6.400000095,0.550000012,1.139999986,4.710000038,7,19,304,2117
4558609924,18.04.16 00:00,8940,5.909999847,0.980000019,0.930000007,4,14,15,331,2116
4558609924,19.04.16 00:00,5401,3.569999933,0.050000001,0.360000014,3.160000086,1,9,248,1876
4558609924,20.04.16 00:00,4803,3.170000076,0,0,3.170000076,0,0,222,1788
4558609924,21.04.16 00:00,13743,9.079999924,0.419999987,0.970000029,7.699999809,6,21,432,2486
4558609924,22.04.16 00:00,9601,6.349999905,1.370000005,1.5,3.470000029,20,25,273,2094
4558609924,23.04.16 00:00,6890,4.550000191,0.340000004,0.200000003,4.010000229,5,5,308,2085
4558609924,24.04.16 00:00,8563,5.659999847,0,0,5.650000095,0,0,395,2173
4558609924,25.04.16 00:00,8095,5.349999905,0.589999974,0.25,4.510000229,18,10,340,2225
4558609924,26.04.16 00:00,9148,6.050000191,0.430000007,2.029999971,3.589999914,12,41,283,2223
4558609924,27.04.16 00:00,9557,6.320000172,1.960000038,0.889999986,3.460000038,27,14,312,2098
4558609924,28.04.16 00:00,9451,6.25,0.02,0.270000011,5.949999809,1,11,367,
4558609924,29.04.16 00:00,7833,5.179999828,1.019999981,1.850000024,2.309999943,15,29,197,1918
4558609924,30.04.16 00:00,10319,6.820000172,0.469999999,1.889999986,4.460000038,7,29,293,2105
4558609924,01.05.16 00:00,3428,2.269999981,0,0,2.269999981,0,0,190,1692
4558609924,02.05.16 00:00,7891,5.21999979,0,0,5.21999979,0,0,383,2066
4558609924,03.05.16 00:00,5267,3.480000019,0.600000024,0.280000001,2.599999905,21,10,237,1953
4558609924,04.05.16 00:00,,3.460000038,0,0,3.460000038,0,0,252,1842
4558609924,05.05.16 00:00,10611,7.010000229,1.00999999,0.5,5.510000229,14,8,370,2262
4558609924,06.05.16 00:00,3755,2.480000019,0,0,2.480000019,0,0,202,1722
4558609924,07.05.16 00:00,8237,5.440000057,1.610000014,1,2.829999924,23,16,233,1973
4558609924,08.05.16 00:00,6543,4.329999924,1.799999952,0.5,2.019999981,66,35,238,2666
4558609924,09.05.16 00:00,11451,7.570000172,0.430000007,1.620000005,5.519999981,6,30,339,2223
4558609924,10.05.16 00:00,6435,4.25,0.74000001,1.120000005,2.390000105,11,18,220,1889
4558609924,11.05.16 00:00,9108,6.019999981,0.25999999,1.820000052,3.940000057,4,31,324,2131
4558609924,12.05.16 00:00,6307,4.170000076,0,0,4.170000076,0,0,247,1452
4702921684,12.04.16 00:00,7213,5.880000114,0,0,5.849999905,0,0,263,2947
4702921684,13.04.16 00:00,6877,5.579999924,0,0,5.579999924,0,0,258,
4702921684,14.04.16 00:00,7860,6.369999886,0,0,6.369999886,0,0,271,2984
4702921684,15.04.16 00:00,6506,5.28000021,0.07,0.419999987,4.789999962,1,8,256,2896
4702921684,16.04.16 00:00,11140,9.029999733,0.239999995,1.25,7.539999962,3,24,335,3328
4702921684,17.04.16 00:00,12692,10.28999996,0.959999979,3.460000038,5.880000114,12,66,302,3394
4702921684,18.04.16 00:00,9105,7.380000114,1.820000052,1.49000001,4.070000172,22,30,191,3013
4702921684,19.04.16 00:00,6708,5.440000057,0.879999995,0.370000005,4.190000057,10,8,179,2812
4702921684,20.04.16 00:00,8793,7.130000114,0.159999996,1.230000019,5.730000019,2,29,260,3061
4702921684,21.04.16 00:00,6530,5.300000191,0.310000002,2.049999952,2.940000057,4,41,144,2729
4702921684,22.04.16 00:00,1664,1.350000024,0,0,1.350000024,0,0,72,2241
4702921684,23.04.16 00:00,15126,12.27000046,0.75999999,3.24000001,8.270000458,9,66,408,3691
4702921684,24.04.16 00:00,15050,12.22000027,1.200000048,5.119999886,5.880000114,15,95,281,3538
4702921684,25.04.16 00:00,9167,7.429999828,0.49000001,0.819999993,6.110000134,6,15,270,3064
4702921684,26.04.16 00:00,6108,4.949999809,0.07,0.349999994,4.539999962,1,8,216,2784
4702921684,27.04.16 00:00,7047,5.71999979,0.090000004,0.800000012,4.78000021,1,16,238,2908
4702921684,28.04.16 00:00,9023,7.320000172,1.129999995,0.419999987,5.769999981,14,9,232,3033
4702921684,29.04.16 00:00,9930,8.050000191,1.059999943,0.920000017,6.070000172,12,19,267,3165
4702921684,30.04.16 00:00,10144,8.229999542,0.319999993,2.029999971,5.880000114,4,36,263,3115
4702921684,01.05.16 00:00,0,0,0,0,0,0,0,0,2017
4702921684,02.05.16 00:00,7245,5.920000076,0.379999995,1.74000001,3.75999999,5,40,195,2859
4702921684,03.05.16 00:00,9454,7.670000076,0,0,7.670000076,0,0,313,3145
4702921684,04.05.16 00:00,8161,6.619999886,0.340000004,0.730000019,5.539999962,4,15,251,3004
4702921684,05.05.16 00:00,8614,6.989999771,0.670000017,0.219999999,6.090000153,8,5,241,3006
4702921684,06.05.16 00:00,6943,5.630000114,0.079999998,0.660000026,4.869999886,1,16,207,2859
4702921684,07.05.16 00:00,14370,11.64999962,0.370000005,2.309999943,8.970000267,5,46,439,3683
4702921684,08.05.16 00:00,12857,10.43000031,0.680000007,6.210000038,3.539999962,9,125,192,3287
4702921684,09.05.16 00:00,8232,6.679999828,0,0.569999993,6.099999905,0,12,253,2990
4702921684,10.05.16 00:00,10613,8.609999657,0.079999998,1.879999995,6.650000095,1,37,262,3172
4702921684,11.05.16 00:00,9810,7.960000038,0.779999971,2.160000086,4.980000019,10,41,235,3069
4702921684,12.05.16 00:00,2752,2.230000019,0,0,2.230000019,0,0,68,1240
5553957443,12.04.16 00:00,11596,7.570000172,1.370000005,0.790000021,5.409999847,19,13,277,2026
5553957443,13.04.16 00:00,4832,3.160000086,0,0,3.160000086,0,0,226,1718
5553957443,14.04.16 00:00,17022,11.11999989,4,2.450000048,4.670000076,61,41,256,2324
5553957443,15.04.16 00:00,16556,10.85999966,4.159999847,1.980000019,4.710000038,58,38,239,2254
5553957443,16.04.16 00:00,5771,3.769999981,0,0,3.769999981,0,0,288,1831
5553957443,17.04.16 00:00,655,0.430000007,0,0,0.430000007,0,0,46,1397
5553957443,18.04.16 00:00,3727,2.430000067,0,0,2.430000067,0,0,206,1683
5553957443,19.04.16 00:00,15482,10.10999966,4.28000021,1.659999967,4.179999828,69,28,249,2284
5553957443,20.04.16 00:00,2713,1.769999981,0,0,1.769999981,0,0,148,1570
5553957443,21.04.16 00:00,12346,8.06000042,2.950000048,2.160000086,2.960000038,47,42,177,2066
5553957443,22.04.16 00:00,11682,7.630000114,1.379999995,0.629999995,5.599999905,25,16,270,2105
5553957443,23.04.16 00:00,4112,2.690000057,0,0,2.680000067,0,0,272,1776
5553957443,24.04.16 00:00,1807,1.179999948,0,0,1.179999948,0,0,104,1507
5553957443,25.04.16 00:00,10946,7.190000057,2.930000067,0.569999993,3.690000057,51,11,201,2033
5553957443,26.04.16 00:00,11886,7.760000229,2.369999886,0.930000007,4.460000038,40,18,238,2093
5553957443,27.04.16 00:00,10538,6.880000114,1.139999986,1,4.739999771,16,16,206,1922
5553957443,28.04.16 00:00,11393,7.630000114,3.710000038,0.75,3.170000076,49,13,165,1999
5553957443,29.04.16 00:00,12764,8.329999924,2.789999962,0.639999986,4.909999847,46,15,270,2169
5553957443,30.04.16 00:00,1202,0.779999971,0,0,0.779999971,0,0,84,1463
5553957443,01.05.16 00:00,5164,3.369999886,0,0,3.369999886,0,0,237,1747
5553957443,02.05.16 00:00,9769,6.380000114,1.059999943,0.409999996,4.900000095,23,9,227,1996
5553957443,03.05.16 00:00,12848,8.390000343,1.5,1.200000048,5.679999828,26,29,247,
5553957443,04.05.16 00:00,4249,2.769999981,0,0,2.769999981,0,0,224,1698
5553957443,05.05.16 00:00,14331,9.510000229,3.430000067,1.659999967,4.429999828,44,29,241,2156
5553957443,06.05.16 00:00,9632,6.289999962,1.519999981,0.540000021,4.230000019,21,9,229,1916
5553957443,07.05.16 00:00,1868,1.220000029,0,0,1.220000029,0,0,96,1494
5553957443,08.05.16 00:00,6083,4,0.219999999,0.469999999,3.299999952,3,8,210,1762
5553957443,09.05.16 00:00,11611,7.579999924,2.130000114,0.889999986,4.559999943,59,22,251,2272
5553957443,10.05.16 00:00,16358,10.71000004,3.869999886,1.610000014,5.199999809,61,40,265,2335
5553957443,11.05.16 00:00,4926,3.220000029,0,0,3.220000029,0,0,195,1693
5553957443,12.05.16 00:00,3121,2.039999962,0.579999983,0.400000006,1.059999943,8,6,48,741
5577150313,12.04.16 00:00,8135,6.079999924,3.599999905,0.379999995,2.099999905,86,16,140,3405
5577150313,13.04.16 00:00,5077,3.789999962,0.319999993,0.219999999,3.25,15,11,144,2551
5577150313,14.04.16 00:00,8596,6.420000076,3.329999924,0.310000002,2.779999971,118,30,176,4022
5577150313,15.04.16 00:00,12087,9.079999924,3.920000076,1.600000024,3.559999943,115,54,199,4005
5577150313,16.04.16 00:00,14269,10.65999985,6.639999866,1.279999971,2.730000019,184,56,158,4274
5577150313,17.04.16 00:00,12231,9.140000343,5.980000019,0.829999983,2.319999933,200,37,159,4552
5577150313,18.04.16 00:00,9893,7.389999866,4.860000134,0.720000029,1.820000052,114,32,130,3625
5577150313,19.04.16 00:00,12574,9.420000076,7.019999981,0.639999986,1.75999999,108,23,111,3501
5577150313,20.04.16 00:00,8330,6.21999979,4.119999886,0.340000004,1.75999999,87,16,113,3192
5577150313,21.04.16 00:00,10830,8.090000153,3.650000095,1.659999967,2.779999971,110,74,175,4018
5577150313,22.04.16 00:00,9172,6.849999905,2.420000076,0.790000021,3.299999952,62,30,200,3329
5577150313,23.04.16 00:00,7638,5.710000038,1.210000038,0.360000014,4.139999866,24,24,223,3152
5577150313,24.04.16 00:00,15764,11.77999973,7.650000095,2.150000095,1.980000019,210,65,141,4392
5577150313,25.04.16 00:00,6393,4.78000021,1.350000024,0.670000017,2.75999999,61,38,214,3374
5577150313,26.04.16 00:00,5325,3.980000019,0.850000024,0.649999976,2.470000029,38,32,181,3088
5577150313,27.04.16 00:00,6805,5.139999866,1.809999943,0.400000006,2.930000067,63,16,190,3294
5577150313,28.04.16 00:00,9841,7.429999828,3.25,1.169999957,3.00999999,99,51,141,3580
5577150313,29.04.16 00:00,7924,5.920000076,2.839999914,0.610000014,2.470000029,97,36,165,3544
5577150313,30.04.16 00:00,12363,9.239999771,5.829999924,0.790000021,2.609999895,207,45,163,4501
5577150313,01.05.16 00:00,13368,9.989999771,5.309999943,1.440000057,3.24000001,194,72,178,4546
5577150313,02.05.16 00:00,7439,5.559999943,1.120000005,0.349999994,4.070000172,37,20,235,3014
5577150313,03.05.16 00:00,11045,8.25,4.519999981,0.150000006,3.569999933,97,8,212,3795
5577150313,04.05.16 00:00,5206,3.890000105,1.559999943,0.25,2.079999924,25,9,141,2755
5577150313,05.05.16 00:00,7550,5.639999866,2.5,0.469999999,2.670000076,45,21,143,3004
5577150313,06.05.16 00:00,4950,3.700000048,1.929999948,0.319999993,1.450000048,41,16,79,2643
5577150313,07.05.16 00:00,0,0,0,0,0,0,0,0,1819
5577150313,08.05.16 00:00,0,0,0,0,0,0,0,0,1819
5577150313,09.05.16 00:00,3421,2.559999943,1.429999948,0.140000001,0.99000001,34,11,70,2489
5577150313,10.05.16 00:00,8869,6.650000095,2.559999943,0.75,3.349999905,104,37,194,3841
5577150313,11.05.16 00:00,4038,3.039999962,1.830000043,0.300000012,0.889999986,45,15,63,1665
6117666160,12.04.16 00:00,0,0,0,0,0,0,0,0,1496
6117666160,13.04.16 00:00,0,0,0,0,0,0,0,0,1496
6117666160,14.04.16 00:00,0,0,0,0,0,0,0,0,1496
6117666160,15.04.16 00:00,14019,10.59000015,0,0.280000001,10.30000019,0,6,513,2865
6117666160,16.04.16 00:00,14450,10.90999985,0.579999983,0.850000024,9.479999542,7,15,518,2828
6117666160,17.04.16 00:00,7150,5.400000095,0,0,5.400000095,0,0,312,2225
6117666160,18.04.16 00:00,5153,3.910000086,0,0,3.890000105,0,0,241,2018
6117666160,19.04.16 00:00,11135,8.409999847,0,0,8.409999847,0,0,480,2606
6117666160,20.04.16 00:00,10449,8.020000458,2.029999971,0.479999989,5.519999981,26,10,349,2536
6117666160,21.04.16 00:00,19542,15.01000023,0.980000019,0.400000006,5.619999886,11,19,294,4900
6117666160,22.04.16 00:00,8206,6.199999809,0,0,6.199999809,0,0,402,2409
6117666160,23.04.16 00:00,11495,8.680000305,0,0,8.680000305,0,0,512,2651
6117666160,24.04.16 00:00,7623,5.760000229,0,0,5.760000229,0,0,362,2305
6117666160,25.04.16 00:00,,0,0,0,0,0,0,0,1497
6117666160,26.04.16 00:00,9543,7.210000038,0,0.340000004,6.869999886,0,7,352,2450
6117666160,27.04.16 00:00,9411,7.110000134,0,0,7.110000134,0,0,458,2576
6117666160,28.04.16 00:00,,2.599999905,0,0,2.599999905,0,0,141,1879
6117666160,29.04.16 00:00,9592,7.239999771,0,0,7.239999771,0,0,461,2560
6117666160,30.04.16 00:00,6987,5.28000021,0,0,5.28000021,0,0,343,2275
6117666160,01.05.16 00:00,8915,6.730000019,0,0,6.730000019,0,0,397,2361
6117666160,02.05.16 00:00,4933,3.730000019,0,0,3.730000019,0,0,236,2044
6117666160,03.05.16 00:00,,0,0,0,0,0,0,0,1496
6117666160,04.05.16 00:00,2997,2.25999999,0,0,2.25999999,0,0,156,1902
6117666160,05.05.16 00:00,9799,7.400000095,0,0,7.400000095,0,0,487,2636
6117666160,06.05.16 00:00,3365,2.680000067,0,0,2.680000067,0,0,133,1838
6117666160,07.05.16 00:00,7336,5.539999962,0,0,5.539999962,0,0,412,2469
6117666160,08.05.16 00:00,,5.53000021,0,0,5.53000021,0,0,318,2250
6117666160,09.05.16 00:00,4477,3.380000114,0,0,3.380000114,0,0,197,1248
6290855005,12.04.16 00:00,4562,3.450000048,0,0,3.450000048,0,0,199,2560
6290855005,13.04.16 00:00,7142,5.400000095,0,0,5.389999866,0,0,350,2905
6290855005,14.04.16 00:00,7671,5.800000191,0,0,5.769999981,0,0,363,2952
6290855005,15.04.16 00:00,9501,7.179999828,0,0,7.170000076,0,0,328,2896
6290855005,16.04.16 00:00,8301,6.28000021,0,0,6.269999981,0,0,258,2783
6290855005,17.04.16 00:00,7851,5.940000057,1.139999986,0.790000021,4,31,12,225,3171
6290855005,18.04.16 00:00,6885,5.210000038,0,0,5.190000057,0,0,271,2766
6290855005,19.04.16 00:00,7142,5.400000095,0,0,5.389999866,0,0,321,2839
6290855005,20.04.16 00:00,6361,4.809999943,0,0,4.800000191,0,0,258,2701
6290855005,21.04.16 00:00,0,0,0,0,0,0,0,0,2060
6290855005,22.04.16 00:00,6238,4.71999979,0,0,4.71999979,0,0,302,2796
6290855005,23.04.16 00:00,0,0,0,0,0,33,0,0,2664
6290855005,24.04.16 00:00,5896,4.460000038,0,0,4.460000038,0,0,258,2703
6290855005,25.04.16 00:00,7802,5.900000095,0.680000007,0.180000007,5.03000021,8,3,249,2771
6290855005,26.04.16 00:00,0,0,0,0,0,0,0,0,2060
6290855005,27.04.16 00:00,5565,4.210000038,0,0,4.179999828,0,0,287,
6290855005,28.04.16 00:00,5731,4.329999924,0,0,4.329999924,0,0,255,2687
6290855005,29.04.16 00:00,0,0,0,0,0,0,0,0,2060
6290855005,30.04.16 00:00,6744,5.099999905,0,0,5.090000153,0,0,324,2843
6290855005,01.05.16 00:00,9837,7.440000057,0.660000026,2.75,4,8,95,282,3327
6290855005,02.05.16 00:00,6781,5.130000114,0,0,5.110000134,0,0,268,2725
6290855005,03.05.16 00:00,6047,4.570000172,0,0,4.570000172,0,0,240,2671
6290855005,04.05.16 00:00,5832,4.409999847,0,0,4.400000095,0,0,272,
6290855005,05.05.16 00:00,6339,4.789999962,0,0,4.789999962,0,0,239,2682
6290855005,06.05.16 00:00,6116,4.619999886,0,0,4.590000153,0,0,305,2806
6290855005,07.05.16 00:00,5510,4.170000076,0,0,4.159999847,0,0,227,2613
6290855005,08.05.16 00:00,7706,5.829999924,0,0,5.820000172,0,0,251,2712
6290855005,09.05.16 00:00,6277,4.75,0,0,4.730000019,0,0,264,2175
6290855005,10.05.16 00:00,0,0,0,0,0,0,0,0,
6775888955,12.04.16 00:00,0,0,0,0,0,0,0,0,1841
6775888955,13.04.16 00:00,4053,2.910000086,1.110000014,0.579999983,1.220000029,17,18,85,2400
6775888955,14.04.16 00:00,5162,3.700000048,0.870000005,0.860000014,1.970000029,14,24,105,2507
6775888955,15.04.16 00:00,1282,0.920000017,0,0,0.920000017,0,0,58,2127
6775888955,16.04.16 00:00,4732,3.390000105,2.519999981,0.810000002,0.059999999,36,18,9,2225
6775888955,17.04.16 00:00,2497,1.789999962,0.349999994,1.129999995,0.310000002,5,24,19,2067
6775888955,18.04.16 00:00,8294,5.949999809,2,0.769999981,3.170000076,30,31,146,2798
6775888955,19.04.16 00:00,0,0,0,0,0,0,0,0,1841
6775888955,20.04.16 00:00,10771,7.71999979,3.769999981,1.74000001,2.220000029,70,113,178,3727
6775888955,21.04.16 00:00,0,0,0,0,0,0,0,0,1841
6775888955,22.04.16 00:00,637,0.460000008,0,0,0.460000008,0,0,20,1922
6775888955,23.04.16 00:00,0,0,0,0,0,0,0,0,1841
6775888955,24.04.16 00:00,2153,1.539999962,0.769999981,0.620000005,0.150000006,11,18,11,2053
6775888955,25.04.16 00:00,6474,4.639999866,2.269999981,0.460000008,1.899999976,33,13,92,2484
6775888955,26.04.16 00:00,7091,5.269999981,3.480000019,0.870000005,0.730000019,42,30,47,2584
6775888955,27.04.16 00:00,0,0,0,0,0,0,0,0,1841
6775888955,28.04.16 00:00,703,0.5,0.059999999,0.200000003,0.239999995,2,13,15,1993
6775888955,29.04.16 00:00,,0,0,0,0,0,0,0,1841
6775888955,30.04.16 00:00,2503,1.789999962,0.159999996,0.159999996,1.480000019,3,9,84,2280
6775888955,01.05.16 00:00,2487,1.779999971,0.479999989,0.620000005,0.680000007,9,34,50,2319
6775888955,02.05.16 00:00,,0,0,0,0,0,0,0,1841
6775888955,03.05.16 00:00,,0.01,0,0,0.01,0,0,1,1843
6775888955,04.05.16 00:00,,0,0,0,0,0,0,0,1841
6775888955,05.05.16 00:00,,0,0,0,0,0,0,0,1841
6775888955,06.05.16 00:00,4697,3.369999886,0.469999999,0.930000007,1.929999948,12,35,75,2496
6775888955,07.05.16 00:00,1967,1.409999967,0.129999995,0.239999995,1.049999952,2,5,49,1032
6962181067,12.04.16 00:00,10199,6.739999771,3.400000095,0.829999983,2.50999999,50,14,189,1994
6962181067,13.04.16 00:00,5652,3.74000001,0.569999993,1.210000038,1.960000038,8,24,142,1718
6962181067,14.04.16 00:00,1551,1.029999971,0,0,1.029999971,0,0,86,1466
6962181067,15.04.16 00:00,5563,3.680000067,0,0,3.680000067,0,0,217,1756
6962181067,16.04.16 00:00,13217,8.739999771,3.660000086,0.189999998,4.880000114,50,3,280,2173
6962181067,17.04.16 00:00,10145,6.710000038,0.330000013,0.680000007,5.690000057,5,13,295,2027
6962181067,18.04.16 00:00,11404,7.539999962,0.829999983,2.390000105,4.320000172,13,42,238,2039
6962181067,19.04.16 00:00,10742,7.099999905,2.099999905,2.130000114,2.869999886,35,41,195,2046
6962181067,20.04.16 00:00,13928,9.550000191,4.28000021,0.189999998,5.090000153,48,4,297,2174
6962181067,21.04.16 00:00,11835,9.710000038,3.99000001,2.099999905,3.50999999,53,27,214,2179
6962181067,22.04.16 00:00,10725,7.090000153,1.769999981,1.549999952,3.769999981,30,33,240,2086
6962181067,23.04.16 00:00,20031,13.23999977,4.199999809,2,7.039999962,58,41,347,2571
6962181067,24.04.16 00:00,5029,3.319999933,0,0,3.319999933,0,0,199,1705
6962181067,25.04.16 00:00,13239,9.270000458,3.019999981,1.679999948,4.460000038,35,31,282,2194
6962181067,26.04.16 00:00,10433,6.900000095,2.579999924,0.419999987,3.900000095,36,7,254,2012
6962181067,27.04.16 00:00,10320,6.820000172,0.550000012,2.019999981,4.25,7,38,279,2034
6962181067,28.04.16 00:00,12627,8.350000381,2.50999999,0.239999995,5.590000153,38,8,288,2182
6962181067,29.04.16 00:00,10762,7.110000134,0.819999993,0.479999989,5.809999943,12,15,369,2254
6962181067,30.04.16 00:00,10081,6.659999847,2.24000001,0.75999999,3.670000076,32,16,237,
6962181067,01.05.16 00:00,5454,3.609999895,0,0,3.609999895,0,0,215,1740
6962181067,02.05.16 00:00,12912,8.539999962,1.200000048,2,5.340000153,18,39,313,2162
6962181067,03.05.16 00:00,12109,8.119999886,1.74000001,2.039999962,4.329999924,21,36,267,2072
6962181067,04.05.16 00:00,10147,6.710000038,0.469999999,1.679999948,4.550000191,15,36,284,2086
6962181067,05.05.16 00:00,10524,6.960000038,0.99000001,1.159999967,4.809999943,14,22,305,2066
6962181067,06.05.16 00:00,5908,3.910000086,0,0,3.910000086,0,0,299,1850
6962181067,07.05.16 00:00,6815,4.5,0,0,4.5,0,0,328,1947
6962181067,08.05.16 00:00,4188,2.769999981,0,0.519999981,2.25,0,14,151,1659
6962181067,09.05.16 00:00,12342,8.720000267,3.900000095,1.179999948,3.650000095,43,21,231,2105
6962181067,10.05.16 00:00,15448,10.21000004,3.470000029,1.75,4.989999771,62,34,275,2361
6962181067,11.05.16 00:00,6722,4.440000057,1.49000001,0.310000002,2.650000095,24,7,199,1855
6962181067,12.05.16 00:00,3587,2.369999886,0,0.25,2.109999895,0,8,105,928
7007744171,12.04.16 00:00,14172,10.28999996,4.5,0.379999995,5.409999847,53,8,355,2937
7007744171,13.04.16 00:00,12862,9.649999619,4.610000134,0.560000002,4.480000019,56,22,261,2742
7007744171,14.04.16 00:00,11179,8.239999771,2.950000048,0.340000004,4.960000038,34,6,304,2668
7007744171,15.04.16 00:00,5273,3.529999971,0,0,3.529999971,0,0,202,2098
7007744171,16.04.16 00:00,4631,3.099999905,0,0,3.099999905,0,0,203,2076
7007744171,17.04.16 00:00,8059,5.389999866,0,0,5.389999866,0,0,305,2383
7007744171,18.04.16 00:00,14816,10.97999954,3.789999962,2.119999886,5.050000191,48,31,284,2832
7007744171,19.04.16 00:00,14194,10.47999954,4.409999847,0.75999999,5.309999943,53,17,304,2812
7007744171,20.04.16 00:00,15566,11.31000042,4.789999962,0.670000017,5.860000134,60,33,347,3096
7007744171,21.04.16 00:00,13744,9.18999958,2.150000095,1.870000005,5.170000076,30,34,327,2763
7007744171,22.04.16 00:00,15299,10.23999977,4.099999905,1.75999999,4.369999886,64,50,261,2889
7007744171,23.04.16 00:00,8093,5.409999847,0.129999995,1.129999995,4.150000095,2,25,223,2284
7007744171,24.04.16 00:00,11085,7.420000076,0,0,7.420000076,0,0,419,2667
7007744171,25.04.16 00:00,18229,13.34000015,4.309999943,1.370000005,7.670000076,51,24,379,3055
7007744171,26.04.16 00:00,15090,10.10000038,0.930000007,0.939999998,8.229999542,16,22,424,2939
7007744171,27.04.16 00:00,13541,10.22000027,4.269999981,0.660000026,5.289999962,50,12,337,2830
7007744171,28.04.16 00:00,15128,10.11999989,1.090000033,0.769999981,8.260000229,16,16,401,2836
7007744171,29.04.16 00:00,20067,14.30000019,4.309999943,2.049999952,7.949999809,55,42,382,3180
7007744171,30.04.16 00:00,3761,2.519999981,0,0,2.519999981,0,0,200,2051
7007744171,01.05.16 00:00,5600,3.75,0,0,3.75,0,0,237,2225
7007744171,02.05.16 00:00,13041,9.180000305,4.639999866,0.699999988,3.829999924,64,14,250,2642
7007744171,03.05.16 00:00,14510,10.86999989,4.480000019,1.019999981,5.360000134,58,31,330,2976
7007744171,04.05.16 00:00,0,0,0,0,0,0,0,0,1557
7007744171,05.05.16 00:00,15010,11.10000038,4.329999924,1.289999962,5.480000019,53,23,317,
7007744171,06.05.16 00:00,11459,7.670000076,3,0.810000002,3.859999895,44,13,247,2553
7007744171,07.05.16 00:00,0,0,0,0,0,0,0,0,
7086361926,12.04.16 00:00,11317,8.409999847,5.269999981,0.150000006,2.970000029,59,6,153,2772
7086361926,13.04.16 00:00,5813,3.619999886,0.560000002,0.209999993,2.839999914,31,26,155,2516
7086361926,14.04.16 00:00,9123,6.119999886,2.029999971,0.330000013,3.660000086,35,32,189,2734
7086361926,15.04.16 00:00,8585,5.670000076,2.039999962,1.110000014,2.529999971,30,21,139,2395
7086361926,16.04.16 00:00,,0.01,0,0,0.01,0,0,3,1635
7086361926,17.04.16 00:00,,0,0,0,0,0,0,0,1629
7086361926,18.04.16 00:00,9827,6.710000038,3.170000076,1.220000029,2.309999943,61,51,114,2743
7086361926,19.04.16 00:00,10688,7.289999962,3.529999971,1.230000019,2.50999999,67,69,124,2944
7086361926,20.04.16 00:00,14365,10.64000034,7.639999866,0.449999988,2.539999962,87,13,145,2997
7086361926,21.04.16 00:00,9469,6.179999828,1.360000014,0.300000012,4.510000229,19,6,206,2463
7086361926,22.04.16 00:00,9753,6.53000021,2.869999886,0.970000029,2.670000076,58,59,153,2846
7086361926,23.04.16 00:00,2817,1.809999943,0,0,1.799999952,0,0,90,1965
7086361926,24.04.16 00:00,3520,2.160000086,0,0,2.150000095,0,0,125,2049
7086361926,25.04.16 00:00,10091,6.820000172,3.75,0.699999988,2.369999886,69,39,129,2752
7086361926,26.04.16 00:00,10387,7.070000172,4.159999847,0.769999981,2.119999886,70,33,132,2781
7086361926,27.04.16 00:00,11107,8.340000153,5.630000114,0.180000007,2.529999971,55,6,145,2693
7086361926,28.04.16 00:00,11584,7.800000191,2.789999962,1.639999986,3.359999895,54,48,161,2862
7086361926,29.04.16 00:00,7881,4.949999809,0.49000001,0.449999988,4,24,36,182,2616
7086361926,30.04.16 00:00,14560,9.409999847,3.119999886,1.039999962,5.239999771,42,17,308,2995
7086361926,01.05.16 00:00,12390,8.069999695,2.299999952,0.899999976,4.849999905,30,15,258,2730
7086361926,02.05.16 00:00,10052,6.809999943,3.480000019,0.660000026,2.660000086,66,26,139,2754
7086361926,03.05.16 00:00,10288,6.760000229,2.74000001,0.850000024,3.160000086,57,36,152,2754
7086361926,04.05.16 00:00,10988,8.31000042,5.28000021,0.119999997,2.900000095,45,12,135,2655
7086361926,05.05.16 00:00,8564,5.599999905,1.779999971,0.829999983,2.950000048,24,14,149,2386
7086361926,06.05.16 00:00,12461,8.380000114,3.819999933,1.429999948,3.119999886,84,35,154,2924
7086361926,07.05.16 00:00,12827,8.479999542,1.460000038,2.329999924,4.679999828,20,42,209,2739
7086361926,08.05.16 00:00,10677,7.099999905,2.309999943,1.529999971,3.25,32,27,147,2534
7086361926,09.05.16 00:00,13566,9.109999657,4.260000229,1.710000038,3.119999886,67,50,171,2960
7086361926,10.05.16 00:00,14433,10.78999996,7.110000134,1.200000048,2.450000048,72,23,106,2800
7086361926,11.05.16 00:00,9572,6.519999981,2.890000105,1.389999986,2.230000019,57,40,128,2735
7086361926,12.05.16 00:00,3789,2.559999943,0.379999995,0.270000011,1.889999986,5,4,58,1199
8053475328,12.04.16 00:00,18060,14.11999989,11.64000034,0.389999986,2.099999905,116,8,123,3186
8053475328,13.04.16 00:00,16433,13.35000038,10.43000031,0.469999999,2.450000048,95,12,156,3140
8053475328,14.04.16 00:00,20159,15.97000027,12.34000015,0.209999993,3.359999895,119,5,193,3411
8053475328,15.04.16 00:00,20669,16.23999977,13.26000023,0.389999986,2.589999914,132,8,158,
8053475328,16.04.16 00:00,14549,11.10999966,9.359999657,0.270000011,1.49000001,96,6,83,2867
8053475328,17.04.16 00:00,18827,13.68999958,9.239999771,0.800000012,3.640000105,111,21,195,3213
8053475328,18.04.16 00:00,17076,12.65999985,9.079999924,0.230000004,3.349999905,102,6,195,3133
8053475328,19.04.16 00:00,15929,12.47999954,9.220000267,0.310000002,2.950000048,90,7,191,3114
8053475328,20.04.16 00:00,15108,12.18999958,9.579999924,0.230000004,2.380000114,89,5,158,
8053475328,21.04.16 00:00,16057,12.51000023,9.670000076,0.25,2.579999924,100,6,170,3103
8053475328,22.04.16 00:00,10520,8.289999962,6.260000229,0.150000006,1.879999995,60,3,117,2655
8053475328,23.04.16 00:00,22359,17.19000053,12.53999996,0.629999995,4.019999981,125,14,223,3554
8053475328,24.04.16 00:00,22988,17.95000076,13.13000011,1.549999952,3.25999999,129,33,182,3577
8053475328,25.04.16 00:00,20500,15.68999958,11.36999989,0.460000008,3.859999895,118,9,209,3403
8053475328,26.04.16 00:00,12685,9.619999886,6.309999943,0.200000003,3.099999905,68,5,185,2846
8053475328,27.04.16 00:00,12422,9.819999695,6.460000038,0.430000007,2.930000067,60,10,183,2852
8053475328,28.04.16 00:00,15447,12.39999962,9.670000076,0.389999986,2.349999905,90,9,153,3062
8053475328,29.04.16 00:00,12315,9.649999619,6.170000076,0.310000002,3.170000076,58,8,159,2794
8053475328,30.04.16 00:00,7135,5.590000153,2.99000001,0.059999999,2.539999962,27,1,131,2408
8053475328,01.05.16 00:00,1170,0.850000024,0,0,0.850000024,0,0,51,1886
8053475328,02.05.16 00:00,1969,1.429999948,0,0,1.429999948,0,0,95,1988
8053475328,03.05.16 00:00,15484,11.89999962,8.390000343,0.930000007,2.589999914,87,22,165,3023
8053475328,04.05.16 00:00,14581,11.14999962,8.819999695,0.400000006,1.909999967,89,8,123,2918
8053475328,05.05.16 00:00,14990,11.51000023,8.850000381,0.449999988,2.210000038,93,9,130,2950
8053475328,06.05.16 00:00,13953,11,9.100000381,0.689999998,1.210000038,90,15,90,2859
8053475328,07.05.16 00:00,19769,15.67000008,12.43999958,0.879999995,2.349999905,121,20,148,3331
8053475328,08.05.16 00:00,22026,17.64999962,13.39999962,0.589999974,3.660000086,125,14,228,3589
8053475328,09.05.16 00:00,12465,9.380000114,6.119999886,0.569999993,2.690000057,66,12,148,2765
8053475328,10.05.16 00:00,14810,11.35999966,9.090000153,0.419999987,1.850000024,96,10,115,2926
8053475328,11.05.16 00:00,12209,9.399999619,6.079999924,0.280000001,3.039999962,60,7,184,2809
8053475328,12.05.16 00:00,4998,3.910000086,2.950000048,0.200000003,0.75999999,28,4,39,1505
8253242879,12.04.16 00:00,9033,7.159999847,5.429999828,0.140000001,1.590000033,40,2,154,2044
8253242879,13.04.16 00:00,8053,6.099999905,4.170000076,0.629999995,1.309999943,35,11,96,1935
8253242879,14.04.16 00:00,5234,3.460000038,1.929999948,0.99000001,0.540000021,29,16,33,1705
8253242879,15.04.16 00:00,2672,1.769999981,0,0,1.75999999,0,0,105,1632
8253242879,16.04.16 00:00,9256,6.139999866,0.430000007,3.269999981,2.450000048,6,51,115,1880
8253242879,17.04.16 00:00,10204,7.909999847,5.429999828,0.150000006,2.329999924,41,5,157,2112
8253242879,18.04.16 00:00,5151,3.480000019,1.039999962,0.629999995,1.799999952,16,16,130,1829
8253242879,19.04.16 00:00,4212,2.779999971,0,0,2.779999971,0,0,164,1763
8253242879,20.04.16 00:00,6466,4.269999981,0.330000013,0.819999993,3.109999895,5,18,216,1931
8253242879,21.04.16 00:00,11268,8.56000042,5.880000114,0.930000007,1.75,49,20,172,
8253242879,22.04.16 00:00,2824,1.870000005,0,0,1.870000005,0,0,120,1651
8253242879,23.04.16 00:00,9282,6.260000229,2.089999914,1.039999962,3.130000114,30,26,191,2132
8253242879,24.04.16 00:00,8905,7.130000114,5.599999905,0.189999998,1.340000033,41,4,82,1976
8253242879,25.04.16 00:00,6829,4.510000229,0.360000014,2.390000105,1.769999981,7,54,118,1909
8253242879,26.04.16 00:00,4562,3.039999962,1.179999948,0.49000001,1.370000005,19,14,108,1813
8253242879,27.04.16 00:00,10232,8.180000305,6.239999771,0.230000004,1.700000048,45,5,104,2008
8253242879,28.04.16 00:00,2718,1.799999952,0.670000017,0.779999971,0.340000004,11,16,20,1580
8253242879,29.04.16 00:00,6260,4.260000229,1.289999962,0.540000021,2.400000095,16,14,136,1854
8253242879,30.04.16 00:00,,0,0,0,0,0,0,0,
8378563200,12.04.16 00:00,7626,6.050000191,0.829999983,0.709999979,4.5,65,15,156,3635
8378563200,13.04.16 00:00,12386,9.819999695,4.960000038,0.649999976,4.210000038,116,14,169,4079
8378563200,14.04.16 00:00,13318,10.56000042,5.619999886,1.029999971,3.910000086,123,21,174,4163
8378563200,15.04.16 00:00,14461,11.47000027,4.909999847,1.149999976,5.409999847,60,23,190,3666
8378563200,16.04.16 00:00,11207,8.890000343,5.369999886,1.070000052,2.440000057,64,21,142,3363
8378563200,17.04.16 00:00,2132,1.690000057,0,0,1.690000057,0,0,93,2572
8378563200,18.04.16 00:00,13630,10.81000042,5.050000191,0.560000002,5.199999809,117,10,174,4157
8378563200,19.04.16 00:00,13070,10.35999966,5.300000191,0.879999995,4.179999828,120,19,154,4092
8378563200,20.04.16 00:00,9388,7.440000057,2.230000019,0.439999998,4.78000021,82,8,169,3787
8378563200,21.04.16 00:00,15148,12.01000023,6.900000095,0.819999993,4.289999962,137,16,145,4236
8378563200,22.04.16 00:00,12200,9.670000076,4.909999847,0.589999974,4.179999828,113,12,159,4044
8378563200,23.04.16 00:00,5709,4.53000021,1.519999981,0.519999981,2.480000019,19,10,136,2908
8378563200,24.04.16 00:00,3703,2.940000057,0,0,2.940000057,0,0,135,2741
8378563200,25.04.16 00:00,12405,9.840000153,5.050000191,0.870000005,3.920000076,117,16,141,4005
8378563200,26.04.16 00:00,16208,12.85000038,7.510000229,0.920000017,4.420000076,90,18,161,3763
8378563200,27.04.16 00:00,7359,5.840000153,0.330000013,0.180000007,5.329999924,4,4,192,3061
8378563200,28.04.16 00:00,5417,4.300000191,0.899999976,0.49000001,2.910000086,11,10,139,2884
8378563200,29.04.16 00:00,6175,4.900000095,0.25,0.360000014,4.269999981,3,7,172,2982
8378563200,30.04.16 00:00,2946,2.339999914,0,0,2.339999914,0,0,121,2660
8378563200,01.05.16 00:00,11419,9.06000042,6.03000021,0.560000002,2.470000029,71,10,127,3369
8378563200,02.05.16 00:00,6064,4.809999943,0.629999995,0.170000002,4.010000229,63,4,142,3491
8378563200,03.05.16 00:00,8712,6.909999847,1.340000033,1.059999943,4.5,71,20,195,3784
8378563200,04.05.16 00:00,7875,6.239999771,1.559999943,0.49000001,4.199999809,19,10,167,3110
8378563200,05.05.16 00:00,8567,6.789999962,0.889999986,0.159999996,5.739999771,66,3,214,3783
8378563200,06.05.16 00:00,7045,5.590000153,1.549999952,0.25,3.779999971,74,5,166,3644
8378563200,07.05.16 00:00,4468,3.539999962,0,0,3.539999962,0,0,158,2799
8378563200,08.05.16 00:00,2943,2.329999924,0,0,2.329999924,0,0,139,2685
8378563200,09.05.16 00:00,8382,6.650000095,1.269999981,0.660000026,4.71999979,71,13,171,3721
8378563200,10.05.16 00:00,6582,5.21999979,0.660000026,0.639999986,3.920000076,63,13,152,3586
8378563200,11.05.16 00:00,,7.25,1.389999986,0.589999974,5.269999981,72,10,184,3788
8378563200,12.05.16 00:00,4561,3.619999886,0.649999976,0.270000011,2.690000057,8,6,102,1976
8583815059,12.04.16 00:00,5014,3.910000086,0,0.330000013,3.579999924,0,7,196,2650
8583815059,13.04.16 00:00,5571,4.349999905,0.150000006,0.970000029,3.230000019,2,23,163,2654
8583815059,14.04.16 00:00,3135,2.450000048,0,0,2.430000067,0,0,134,2443
8583815059,15.04.16 00:00,3430,2.680000067,0,0,0.899999976,0,0,65,2505
8583815059,16.04.16 00:00,5319,4.150000095,0,0,0,0,0,0,
8583815059,17.04.16 00:00,,2.349999905,0,0,0,0,0,0,2439
8583815059,18.04.16 00:00,3864,3.00999999,0.310000002,1.059999943,1.350000024,4,22,105,2536
8583815059,19.04.16 00:00,5697,4.440000057,0.529999971,0.479999989,3.440000057,7,10,166,2668
8583815059,20.04.16 00:00,5273,4.110000134,0,1.039999962,3.069999933,0,27,167,2647
8583815059,21.04.16 00:00,8538,6.659999847,2.630000114,1.019999981,3.00999999,35,18,158,2883
8583815059,22.04.16 00:00,8687,6.78000021,0.289999992,2.410000086,4.079999924,4,54,212,2944
8583815059,23.04.16 00:00,9423,7.349999905,0.529999971,2.029999971,4.75,7,44,238,3012
8583815059,24.04.16 00:00,8286,6.460000038,0.150000006,2.049999952,4.269999981,2,44,206,2889
8583815059,25.04.16 00:00,4503,3.50999999,1.470000029,0.239999995,1.809999943,18,6,122,2547
8583815059,26.04.16 00:00,10499,8.18999958,0.07,4.21999979,3.890000105,1,91,214,3093
8583815059,27.04.16 00:00,12474,9.729999542,6.599999905,0.270000011,2.869999886,77,5,129,3142
8583815059,28.04.16 00:00,6174,4.820000172,0,1.200000048,3.609999895,0,28,203,2757
8583815059,29.04.16 00:00,15168,11.82999992,3.900000095,3,4.920000076,46,67,258,3513
8583815059,30.04.16 00:00,10085,7.869999886,0.150000006,1.279999971,6.429999828,2,28,317,3164
8583815059,01.05.16 00:00,4512,3.519999981,0.779999971,0.119999997,2.039999962,10,2,117,2596
8583815059,02.05.16 00:00,8469,6.610000134,0,0,0,0,0,0,2894
8583815059,03.05.16 00:00,12015,9.369999886,0,0,0,0,0,0,3212
8583815059,04.05.16 00:00,3588,2.799999952,0,0,0,0,0,0,2516
8583815059,05.05.16 00:00,12427,9.68999958,0,0,1.179999948,0,0,70,3266
8583815059,06.05.16 00:00,5843,4.559999943,0.140000001,1.190000057,3.230000019,2,22,166,2683
8583815059,07.05.16 00:00,6117,4.769999981,0,0,4.769999981,0,0,250,2810
8583815059,08.05.16 00:00,9217,7.190000057,0.219999999,3.309999943,3.660000086,3,72,182,2940
8583815059,09.05.16 00:00,9877,7.699999809,5.760000229,0.170000002,1.730000019,66,4,110,2947
8583815059,10.05.16 00:00,8240,6.429999828,0.689999998,2.00999999,3.720000029,9,43,162,2846
8583815059,11.05.16 00:00,8701,6.789999962,0.370000005,3.24000001,3.170000076,5,71,177,2804
8583815059,12.05.16 00:00,0,0,0,0,0,0,0,0,0
8792009665,12.04.16 00:00,2564,1.639999986,0,0,1.639999986,0,0,116,2044
8792009665,13.04.16 00:00,1320,0.839999974,0,0,0.839999974,0,0,82,1934
8792009665,14.04.16 00:00,1219,0.779999971,0,0,0.779999971,0,0,84,1963
8792009665,15.04.16 00:00,2483,1.590000033,0,0,1.590000033,0,0,126,2009
8792009665,16.04.16 00:00,244,0.159999996,0,0,0.159999996,0,0,12,1721
8792009665,17.04.16 00:00,,0,0,0,0,0,0,0,1688
8792009665,18.04.16 00:00,,0,0,0,0,0,0,0,1688
8792009665,19.04.16 00:00,,0,0,0,0,0,0,0,1688
8792009665,20.04.16 00:00,3147,2.00999999,0,0.280000001,1.74000001,0,10,139,2188
8792009665,21.04.16 00:00,,0.090000004,0,0,0.090000004,0,0,9,1720
8792009665,22.04.16 00:00,4068,2.599999905,0.050000001,0.280000001,2.269999981,1,20,195,2419
8792009665,23.04.16 00:00,5245,3.359999895,0.159999996,0.439999998,2.75,8,45,232,2748
8792009665,24.04.16 00:00,400,0.25999999,0.039999999,0.050000001,0.159999996,3,8,19,1799
8792009665,25.04.16 00:00,,0,0,0,0,0,0,0,1688
8792009665,26.04.16 00:00,1321,0.850000024,0,0,0.850000024,0,0,80,1928
8792009665,27.04.16 00:00,1758,1.129999995,0,0,1.129999995,0,0,112,2067
8792009665,28.04.16 00:00,6157,3.940000057,0,0,3.940000057,0,0,310,2780
8792009665,29.04.16 00:00,8360,5.349999905,0.140000001,0.280000001,4.929999828,6,14,380,3101
8792009665,30.04.16 00:00,7174,4.590000153,0.330000013,0.360000014,3.910000086,10,20,301,2896
8792009665,01.05.16 00:00,1619,1.039999962,0,0,1.039999962,0,0,79,1962
8792009665,02.05.16 00:00,1831,1.169999957,0,0,1.169999957,0,0,101,2015
8792009665,03.05.16 00:00,2421,1.549999952,0,0,1.549999952,0,0,156,
8792009665,04.05.16 00:00,2283,1.460000038,0,0,1.460000038,0,0,129,2067
8792009665,05.05.16 00:00,,0,0,0,0,0,0,0,1688
8792009665,06.05.16 00:00,,0,0,0,0,0,0,0,1688
8792009665,07.05.16 00:00,,0,0,0,0,0,0,0,1688
8792009665,08.05.16 00:00,,0,0,0,0,0,0,0,1688
8792009665,09.05.16 00:00,,0,0,0,0,0,0,0,1688
8792009665,10.05.16 00:00,,0,0,0,0,0,0,0,
8792009665,12.04.16,2564,1.639999986,0,0,1.639999986,0,0,116,2044
8792009665,13.04.16,1320,0.839999974,0,0,0.839999974,0,0,82,1934
8792009665,14.04.16,1219,0.779999971,0,0,0.779999971,0,0,84,1963
8792009665,15.04.16,2483,1.590000033,0,0,1.590000033,0,0,126,2009
8792009665,16.04.16,244,0.159999996,0,0,0.159999996,0,0,12,1721
8792009665,17.04.16,0,0,0,0,0,0,0,0,1688
8792009665,18.04.16,0,0,0,0,0,0,0,0,1688
8792009665,19.04.16,0,0,0,0,0,0,0,0,1688
8792009665,20.04.16,3147,2.00999999,0,0.280000001,1.74000001,0,10,139,2188
8792009665,21.04.16,144,0.090000004,0,0,0.090000004,0,0,9,1720
8792009665,22.04.16,4068,2.599999905,0.050000001,0.280000001,2.269999981,1,20,195,2419
8792009665,23.04.16,5245,3.359999895,0.159999996,0.439999998,2.75,8,45,232,2748
8792009665,24.04.16,400,0.25999999,0.039999999,0.050000001,0.159999996,3,8,19,1799
8792009665,25.04.16,0,0,0,0,0,0,0,0,1688
8792009665,26.04.16,1321,0.850000024,0,0,0.850000024,0,0,80,1928
8792009665,27.04.16,1758,1.129999995,0,0,1.129999995,0,0,112,2067
8792009665,28.04.16,6157,3.940000057,0,0,3.940000057,0,0,310,2780
8792009665,29.04.16,8360,5.349999905,0.140000001,0.280000001,4.929999828,6,14,380,3101
8792009665,30.04.16,7174,4.590000153,0.330000013,0.360000014,3.910000086,10,20,301,2896
8792009665,01.05.16,1619,1.039999962,0,0,1.039999962,0,0,79,1962
8792009665,02.05.16,1831,1.169999957,0,0,1.169999957,0,0,101,2015
8792009665,03.05.16,2421,1.549999952,0,0,1.549999952,0,0,156,2297
8792009665,04.05.16,2283,1.460000038,0,0,1.460000038,0,0,129,2067
8792009665,05.05.16,0,0,0,0,0,0,0,0,1688
8792009665,06.05.16,0,0,0,0,0,0,0,0,1688
8792009665,07.05.16,0,0,0,0,0,0,0,0,1688
8792009665,08.05.16,0,0,0,0,0,0,0,0,1688
8792009665,09.05.16,0,0,0,0,0,0,0,0,1688
8792009665,10.05.16,0,0,0,0,0,0,0,0,57
8877689391,12.04.16,23186,20.39999962,12.22000027,0.340000004,7.820000172,85,7,312,3921
8877689391,13.04.16,15337,9.579999924,3.549999952,0.379999995,5.639999866,108,18,216,3566
8877689391,14.04.16,21129,18.97999954,10.55000019,0.589999974,7.75,68,13,298,3793
8877689391,15.04.16,13422,7.170000076,0.050000001,0.050000001,7.010000229,106,1,281,3934
8877689391,16.04.16,29326,25.29000092,13.23999977,1.210000038,10.71000004,94,29,429,4547
8877689391,17.04.16,15118,8.869999886,0,0.07,8.789999962,58,15,307,3545
8877689391,18.04.16,11423,8.670000076,2.440000057,0.270000011,5.940000057,29,5,191,2761
8877689391,19.04.16,18785,17.39999962,12.14999962,0.180000007,5.03000021,82,13,214,3676
8877689391,20.04.16,19948,18.11000061,11.02000046,0.689999998,6.340000153,73,19,225,3679
8877689391,21.04.16,19377,17.62000084,12.28999996,0.419999987,4.889999866,82,13,226,3659
8877689391,22.04.16,18258,16.30999947,10.22999954,0.029999999,5.96999979,61,2,236,3427
8877689391,23.04.16,11200,7.429999828,0,0,7.400000095,102,6,300,3891
8877689391,24.04.16,16674,15.73999977,11.01000023,0.01,4.690000057,64,1,227,3455
8877689391,25.04.16,12986,8.739999771,2.369999886,0.07,6.269999981,113,8,218,3802
8877689391,26.04.16,11101,8.430000305,1.75999999,0.129999995,6.5,22,3,258,2860
8877689391,27.04.16,23629,20.64999962,13.06999969,0.439999998,7.099999905,93,8,235,3808
8877689391,28.04.16,14890,11.30000019,4.929999828,0.379999995,5.96999979,58,8,231,3060
8877689391,29.04.16,9733,7.389999866,1.379999995,0.170000002,5.789999962,18,5,210,2698
8877689391,30.04.16,27745,26.71999931,21.65999985,0.079999998,4.929999828,124,4,223,4398
8877689391,01.05.16,10930,8.319999695,3.130000114,0.569999993,4.570000172,36,12,166,2786
8877689391,02.05.16,4790,3.640000105,0,0,3.559999943,0,0,105,2189
8877689391,03.05.16,10818,8.210000038,1.389999986,0.100000001,6.670000076,19,3,229,2817
8877689391,04.05.16,18193,16.29999924,10.42000008,0.310000002,5.53000021,66,8,212,3477
8877689391,05.05.16,14055,10.67000008,5.460000038,0.819999993,4.369999886,67,15,188,3052
8877689391,06.05.16,21727,19.34000015,12.78999996,0.289999992,6.159999847,96,17,232,4015
8877689391,07.05.16,12332,8.130000114,0.079999998,0.959999979,6.989999771,105,28,271,4142
8877689391,08.05.16,10686,8.109999657,1.080000043,0.200000003,6.800000191,17,4,245,2847
8877689391,09.05.16,20226,18.25,11.10000038,0.800000012,6.239999771,73,19,217,3710
8877689391,10.05.16,10733,8.149999619,1.350000024,0.460000008,6.28000021,18,11,224,2832
8877689391,11.05.16,21420,19.55999947,13.22000027,0.409999996,5.889999866,88,12,213,3832
8877689391,12.05.16,8064,6.119999886,1.820000052,0.039999999,4.25,23,1,137,1849